Name,Season,Age,Tm,Lg,GP,G,A,PTS,PIM,S,TSA,TOI,ATOI,FOW,FOL,BLK,HIT,TK,GV,Awards,CF,CA,FF,FA,oiGF,oiGA,PDO,TGF,PGF,TGA,PGA,+/-,OPS,DPS,PS,xGF,xGA
Bryan Berard,1996-97,19,NYI,NHL,82,8,40,48,86,172,"","","","","","","","","","AS-14,Calder-1,Norris-11",,,,,,,,105,33,73,2,1,3.8,3.8,7.6,,
Bryan Berard,1997-98,20,NYI,NHL,75,14,32,46,59,192,"","","","","","","","","","",,,,,,,,97,45,92,8,-32,4.8,1.4,6.2,,
Bryan Berard,1998-99,21,TOT,NHL,69,9,25,34,48,135,"",1627,23:35,"","","","","","","",,,,,,,,93,37,76,21,1,2.8,2.6,5.5,,
Bryan Berard,1999-00,22,TOR,NHL,64,3,27,30,42,98,"",1253,19:34,"","","","","","","",,,,,,,,76,23,45,3,11,2.1,3.0,5.1,,
Bryan Berard,2001-02,24,NYR,NHL,82,2,21,23,60,132,"",1610,19:38,"","","","","","","",,,,,,,,76,12,84,19,-1,1.0,2.0,3.0,,
Bryan Berard,2002-03,25,BOS,NHL,80,10,28,38,64,205,"",1709,21:21,"","","","","","","",,,,,,,,98,36,85,19,-4,3.4,2.2,5.6,,
Bryan Berard,2003-04,26,CHI,NHL,58,13,34,47,53,203,"",1263,21:46,"","","","","","","Masterton-1,Norris-17",,,,,,,,78,30,75,3,-24,5.2,0.9,6.1,,
Bryan Berard,2005-06,28,CBJ,NHL,44,12,20,32,32,126,"",997,22:40,"","","","","","","",,,,,,,,59,35,60,7,-29,3.2,0.0,3.3,,
Bryan Berard,2006-07,29,CBJ,NHL,11,0,3,3,8,22,"",209,18:58,"","","","","","","",,,,,,,,13,4,14,1,-4,0.1,0.2,0.3,,
Bryan Berard,2007-08,30,NYI,NHL,54,5,17,22,48,87,206,953,17:38,0,0,59,37,19,37,"",661,658,487,499,22,31,97.8,41,19,40,1,-17,1.9,0.8,2.7,,
Wade Redden,1996-97,19,OTT,NHL,82,6,24,30,41,102,"","","","","","","","","",Calder-6,,,,,,,,75,22,66,14,1,1.8,4.9,6.7,,
Wade Redden,1997-98,20,OTT,NHL,80,8,14,22,27,103,"","","","","","","","","","",,,,,,,,67,13,54,17,17,1.5,6.1,7.5,,
Wade Redden,1998-99,21,OTT,NHL,72,8,21,29,54,127,"",1688,23:27,"","","","","","",AS-21,,,,,,,,81,22,71,19,7,2.2,4.0,6.1,,
Wade Redden,1999-00,22,OTT,NHL,81,10,26,36,49,163,"",1921,23:43,"","","","","","","AS-19,Norris-11",,,,,,,,97,29,83,14,-1,2.8,4.1,6.8,,
Wade Redden,2000-01,23,OTT,NHL,78,10,37,47,49,159,"",1972,25:17,"","","","","","","AS-11,Norris-12",,,,,,,,127,41,89,25,22,3.8,5.1,8.9,,
Wade Redden,2001-02,24,OTT,NHL,79,9,25,34,48,156,"",1983,25:06,"","","","","","",AS-18,,,,,,,,119,31,88,22,22,2.7,5.4,8.2,,
Wade Redden,2002-03,25,OTT,NHL,76,10,35,45,70,154,"",1930,25:24,"","","","","","","AS-9,Norris-9",,,,,,,,117,46,71,23,23,3.9,5.8,9.7,,
Wade Redden,2003-04,26,OTT,NHL,81,17,26,43,65,175,"",2017,24:54,"","","","","","","AS-10,Norris-10",,,,,,,,127,57,82,33,21,4.5,5.2,9.7,,
Wade Redden,2005-06,28,OTT,NHL,65,10,40,50,63,153,"",1526,23:28,"","","","","","","AS-6,Norris-5",,,,,,,,126,55,60,24,35,4.2,5.2,9.4,,
Wade Redden,2006-07,29,OTT,NHL,64,7,29,36,50,122,"",1466,22:54,"","","","","","","",,,,,,,,92,35,68,12,1,2.7,2.2,4.8,,
Wade Redden,2007-08,30,OTT,NHL,80,6,32,38,60,136,326,1777,22:13,0,0,94,88,23,66,"AS-17,Norris-16",1377,1108,1049,893,78,70,99.4,112,30,88,17,11,2.8,3.3,6.1,,
Wade Redden,2008-09,31,NYR,NHL,81,3,23,26,51,161,321,1809,22:20,0,0,98,99,31,40,"",1357,1178,1020,908,50,48,99.6,74,23,65,9,-5,0.9,4.7,5.6,,
Wade Redden,2009-10,32,NYR,NHL,75,2,12,14,27,66,152,1314,17:31,1,0,75,88,26,25,"",1030,1010,755,755,43,35,101.3,46,2,47,11,8,0.2,3.8,4.0,,
Wade Redden,2012-13,35,TOT,NHL,29,3,4,7,11,28,68,437,15:04,0,0,30,16,7,5,"",385,284,289,206,17,19,95.3,21,4,22,3,-2,0.6,0.9,1.5,,
Aki Berg,1995-96,18,LAK,NHL,51,0,7,7,29,56,,"","",,,,,,,"",,,,,,,,34,3,50,6,-13,-0.4,1.4,1.0,,
Aki Berg,1996-97,19,LAK,NHL,41,2,6,8,24,65,,"","",,,,,,,"",,,,,,,,35,11,41,8,-9,0.2,1.5,1.6,,
Aki Berg,1997-98,20,LAK,NHL,72,0,8,8,61,58,,"","",,,,,,,"",,,,,,,,42,4,49,14,3,-0.7,3.1,2.4,,
Aki Berg,1999-00,22,LAK,NHL,70,3,13,16,45,70,,1165,16:39,,,,,,,"",,,,,,,,55,9,60,13,-1,0.7,1.9,2.6,,
Aki Berg,2000-01,23,TOT,NHL,59,3,4,7,45,43,,919,15:34,,,,,,,"",,,,,,,,35,6,41,9,-3,0.0,1.5,1.5,,
Aki Berg,2001-02,24,TOR,NHL,81,1,10,11,46,66,,1516,18:43,,,,,,,"",,,,,,,,66,5,64,17,14,-0.3,3.7,3.4,,
Aki Berg,2002-03,25,TOR,NHL,78,4,7,11,28,49,,1173,15:02,,,,,,,"",,,,,,,,43,0,48,8,3,0.4,2.6,2.9,,
Aki Berg,2003-04,26,TOR,NHL,79,2,7,9,40,69,,1446,18:18,,,,,,,"",,,,,,,,45,2,62,18,-1,-0.4,2.6,2.2,,
Aki Berg,2005-06,28,TOR,NHL,75,0,8,8,56,42,,1197,15:58,,,,,,,"",,,,,,,,41,0,74,28,-5,-0.6,2.2,1.6,,
Chad Kilger,1995-96,19,TOT,NHL,74,7,10,17,34,57,"","","","","","","","","","",,,,,,,,34,4,34,0,-4,-0.8,0.8,-0.1,,
Chad Kilger,1996-97,20,PHX,NHL,24,4,3,7,13,30,"","","","","","","","","","",,,,,,,,8,1,12,0,-5,0.1,0.2,0.3,,
Chad Kilger,1997-98,21,TOT,NHL,32,3,9,12,10,32,"","","","","","","","","","",,,,,,,,18,5,13,0,0,0.3,0.4,0.7,,
Chad Kilger,1998-99,22,TOT,NHL,77,15,12,27,34,81,"",1047,13:36,"","","","","","","",,,,,,,,37,6,44,9,-4,1.6,0.8,2.4,,
Chad Kilger,1999-00,23,EDM,NHL,40,3,2,5,18,32,"",342,8:33,"","","","","","","",,,,,,,,7,0,14,1,-6,-0.1,0.1,0.0,,
Chad Kilger,2000-01,24,TOT,NHL,77,14,18,32,51,103,"",1054,13:41,"","","","","","","",,,,,,,,46,9,52,7,-8,1.8,1.0,2.8,,
Chad Kilger,2001-02,25,MTL,NHL,75,8,15,23,27,87,"",993,13:14,"","","","","","","",,,,,,,,33,2,51,13,-7,0.6,0.8,1.4,,
Chad Kilger,2002-03,26,MTL,NHL,60,9,7,16,21,60,"",642,10:42,"","","","","","","",,,,,,,,19,0,33,10,-4,0.9,0.5,1.4,,
Chad Kilger,2003-04,27,TOT,NHL,41,3,3,6,16,35,"",437,10:39,"","","","","","","",,,,,,,,10,2,9,5,4,-0.2,0.6,0.4,,
Chad Kilger,2005-06,29,TOR,NHL,79,17,11,28,63,103,"",980,12:25,"","","","","","","",,,,,,,,33,1,66,28,-6,1.5,0.9,2.4,,
Chad Kilger,2006-07,30,TOR,NHL,82,14,14,28,58,141,"",1189,14:30,"","","","","","","",,,,,,,,43,1,83,36,-5,0.9,0.8,1.6,,
Chad Kilger,2007-08,31,TOR,NHL,53,10,7,17,18,74,133,617,11:38,34,36,22,137,9,15,"",445,514,348,385,24,23,101.7,24,0,31,8,1,1.2,0.6,1.8,,
Daymond Langkow,1995-96,19,TBL,NHL,4,0,1,1,0,4,"","","","","","","","","","",,,,,,,,1,0,2,0,-1,-0.1,0.0,0.0,,
Daymond Langkow,1996-97,20,TBL,NHL,79,15,13,28,35,170,"","","","","","","","","","",,,,,,,,48,7,44,4,1,1.0,1.2,2.2,,
Daymond Langkow,1997-98,21,TBL,NHL,68,8,14,22,62,156,"","","","","","","","","","",,,,,,,,36,7,63,25,-9,0.5,0.8,1.4,,
Daymond Langkow,1998-99,22,TOT,NHL,78,14,19,33,39,149,"",1229,15:45,"","","","","","","",,,,,,,,52,14,57,11,-8,1.6,1.0,2.6,,
Daymond Langkow,1999-00,23,PHI,NHL,82,18,32,50,56,222,"",1390,16:57,"","","","","","",Selke-18,,,,,,,,79,34,55,11,1,3.3,1.9,5.2,,
Daymond Langkow,2000-01,24,PHI,NHL,71,13,41,54,50,190,"",1323,18:38,"","","","","","","",,,,,,,,75,22,46,5,12,3.3,1.8,5.1,,
Daymond Langkow,2001-02,25,PHX,NHL,80,27,35,62,36,171,"",1534,19:11,"","","","","","","",,,,,,,,79,22,58,19,18,5.4,2.1,7.6,,
Daymond Langkow,2002-03,26,PHX,NHL,82,20,32,52,56,196,"",1722,21:00,"","","","","","",Selke-18,,,,,,,,81,20,73,32,20,2.8,2.6,5.4,,
Daymond Langkow,2003-04,27,PHX,NHL,81,21,31,52,40,174,"",1711,21:07,"","","","","","",Selke-34,,,,,,,,86,27,83,28,4,3.4,2.1,5.5,,
Daymond Langkow,2005-06,29,CGY,NHL,82,25,34,59,46,171,"",1485,18:07,"","","","","","","",,,,,,,,93,51,50,10,2,4.0,2.2,6.3,,
Daymond Langkow,2006-07,30,CGY,NHL,81,33,44,77,44,247,"",1630,20:07,"","","","","","",Selke-9,,,,,,,,121,49,68,19,23,6.6,2.4,9.0,,
Daymond Langkow,2007-08,31,CGY,NHL,80,30,35,65,19,201,314,1506,18:50,357,460,37,75,52,43,"Byng-14,Selke-21",1155,850,873,686,63,46,100.6,106,41,50,1,16,6.2,2.2,8.4,,
Daymond Langkow,2008-09,32,CGY,NHL,73,21,28,49,20,161,251,1255,17:11,344,385,30,41,43,46,"",970,733,736,586,43,36,99.0,76,32,43,0,1,3.7,1.3,5.0,,
Daymond Langkow,2009-10,33,CGY,NHL,72,14,23,37,30,126,227,1362,18:55,488,630,55,80,63,36,"",900,783,650,584,36,35,99.4,56,16,50,12,2,1.7,1.8,3.4,,
Daymond Langkow,2010-11,34,CGY,NHL,4,0,1,1,0,6,13,59,14:46,23,20,0,4,5,4,"",49,42,40,33,3,0,110.7,3,0,1,1,3,-0.1,0.2,0.1,,
Daymond Langkow,2011-12,35,PHX,NHL,73,11,19,30,14,112,198,1150,15:45,441,551,50,87,34,21,"",889,818,682,621,41,44,98.5,45,3,49,3,-4,1.3,1.1,2.4,,
Steve Kelly,1996-97,20,EDM,NHL,8,1,0,1,6,6,"","","","","","","","","","",,,,,,,,2,0,3,0,-1,-0.1,0.1,-0.1,,
Steve Kelly,1997-98,21,TOT,NHL,43,2,3,5,23,22,"","","","","","","","","","",,,,,,,,11,1,23,0,-13,-0.9,0.2,-0.7,,
Steve Kelly,1998-99,22,TBL,NHL,34,1,3,4,27,15,"",369,10:51,"","","","","","","",,,,,,,,7,0,25,3,-15,-0.5,-0.2,-0.6,,
Steve Kelly,1999-00,23,NJD,NHL,1,0,0,0,0,0,"",4,4:28,"","","","","","","",,,,,,,,0,0,0,0,0,0.0,0.0,0.0,,
Steve Kelly,2000-01,24,TOT,NHL,35,3,2,5,25,22,"",313,8:57,"","","","","","","",,,,,,,,7,0,11,4,0,-0.1,0.3,0.2,,
Steve Kelly,2001-02,25,LAK,NHL,8,0,1,1,2,0,"",55,6:52,"","","","","","","",,,,,,,,1,0,2,0,-1,0.0,0.0,0.0,,
Steve Kelly,2002-03,26,LAK,NHL,15,2,3,5,0,14,"",187,12:29,"","","","","","","",,,,,,,,6,0,12,0,-6,0.2,0.0,0.2,,
Steve Kelly,2003-04,27,LAK,NHL,3,0,0,0,0,5,"",32,10:30,"","","","","","","",,,,,,,,0,0,0,0,0,-0.1,0.0,-0.1,,
Steve Kelly,2007-08,31,MIN,NHL,2,0,0,0,0,1,1,7,3:44,2,1,0,0,0,0,"",4,7,4,6,0,0,100.0,0,0,0,0,0,0.0,0.0,0.0,,
Shane Doan,1995-96,19,WIN,NHL,74,7,10,17,101,106,"","","","","","","","","","",,,,,,,,30,8,32,1,-9,-0.8,0.5,-0.3,"",""
Shane Doan,1996-97,20,PHX,NHL,63,4,8,12,49,100,"","","","","","","","","","",,,,,,,,29,3,29,0,-3,-1.0,0.8,-0.1,"",""
Shane Doan,1997-98,21,PHX,NHL,33,5,6,11,35,42,"","","","","","","","","","",,,,,,,,18,1,20,0,-3,0.4,0.2,0.6,"",""
Shane Doan,1998-99,22,PHX,NHL,79,6,16,22,54,156,"",1003,12:42,"","","","","","","",,,,,,,,37,1,42,1,-5,0.2,0.9,1.1,"",""
Shane Doan,1999-00,23,PHX,NHL,81,26,25,51,66,221,"",1365,16:51,"","","","","","","",,,,,,,,63,4,55,2,6,4.1,1.6,5.7,"",""
Shane Doan,2000-01,24,PHX,NHL,76,26,37,63,89,220,"",1485,19:32,"","","","","","","",,,,,,,,92,37,63,8,0,5.0,1.7,6.6,"",""
Shane Doan,2001-02,25,PHX,NHL,81,20,29,49,61,205,"",1471,18:10,"","","","","","","",,,,,,,,79,24,54,10,11,3.4,1.8,5.2,"",""
Shane Doan,2002-03,26,PHX,NHL,82,21,37,58,86,225,"",1540,18:47,"","","","","","","",,,,,,,,85,35,57,10,3,4.1,1.7,5.8,"",""
Shane Doan,2003-04,27,PHX,NHL,79,27,41,68,47,254,"",1719,21:46,"","","","","","",AS-10,,,,,,,,87,35,73,10,-11,5.9,1.4,7.3,"",""
Shane Doan,2005-06,29,PHX,NHL,82,30,36,66,123,254,"",1568,19:08,"","","","","","","",,,,,,,,97,53,63,10,-9,4.8,1.5,6.3,"",""
Shane Doan,2006-07,30,PHX,NHL,73,27,28,55,73,209,"",1493,20:27,"","","","","","","Byng-69,Selke-25",,,,,,,,84,42,71,15,-14,4.1,1.1,5.2,"",""
Shane Doan,2007-08,31,PHX,NHL,80,28,50,78,59,243,393,1661,20:46,77,110,17,158,64,30,"AS-6,Selke-42",1180,1115,911,887,59,57,100.1,106,38,80,16,4,6.8,2.2,9.0,"",""
Shane Doan,2008-09,32,PHX,NHL,82,31,42,73,72,230,394,1660,20:15,159,201,32,188,48,31,"AS-6,Byng-26",1075,1269,818,939,59,55,101.9,98,34,71,12,5,6.2,2.2,8.3,"",""
Shane Doan,2009-10,33,PHX,NHL,82,18,37,55,41,234,415,1571,19:10,70,83,25,154,49,18,"Byng-36,Clancy-1",1194,1049,909,817,56,53,99.5,81,22,60,4,3,3.4,2.1,5.5,"",""
Shane Doan,2010-11,34,PHX,NHL,72,20,40,60,67,221,402,1389,19:17,73,86,28,172,41,36,"",1095,991,828,765,53,46,101.1,82,29,51,3,5,4.9,1.4,6.3,"",""
Shane Doan,2011-12,35,PHX,NHL,79,22,28,50,48,226,424,1548,19:36,33,26,27,205,48,30,Messier-1,1194,1072,921,818,49,53,98.6,73,23,62,4,-8,3.6,1.3,5.0,"",""
Shane Doan,2012-13,36,PHX,NHL,48,13,14,27,37,129,220,867,18:03,4,11,10,118,23,20,Byng-43,736,684,545,516,36,28,101.5,43,7,31,1,6,2.0,1.1,3.1,"",""
Shane Doan,2013-14,37,PHX,NHL,69,23,24,47,34,167,318,1307,18:56,6,6,22,135,48,20,"",1044,1000,765,756,45,51,99.0,77,32,53,0,-7,4.1,1.2,5.3,"",""
Shane Doan,2014-15,38,ARI,NHL,79,14,22,36,65,189,315,1492,18:53,3,8,26,189,43,42,Byng-48,1192,1214,877,936,39,64,96.5,65,26,78,10,-29,1.4,0.8,2.2,41.9,55.3
Shane Doan,2015-16,39,ARI,NHL,72,28,19,47,98,170,290,1267,17:36,74,69,15,115,33,27,"",942,985,693,752,50,39,103.0,76,26,51,6,4,5.0,1.5,6.5,35.1,42.7
Shane Doan,2016-17,40,ARI,NHL,74,6,21,27,48,144,239,1114,15:03,94,105,22,101,26,34,"",921,1006,667,784,33,34,101.0,41,8,36,0,-3,0.5,1.2,1.7,33.8,41.6
Terry Ryan,1996-97,20,MTL,NHL,3,0,0,0,0,0,,"","",,,,,,,"",,,,,,,,0,0,0,0,0,-0.1,0.0,-0.1,,
Terry Ryan,1997-98,21,MTL,NHL,4,0,0,0,31,0,,"","",,,,,,,"",,,,,,,,0,0,0,0,0,-0.2,0.0,-0.1,,
Terry Ryan,1998-99,22,MTL,NHL,1,0,0,0,5,0,,3,3:09,,,,,,,"",,,,,,,,0,0,0,0,0,0.0,0.0,0.0,,
Kyle McLaren,1995-96,18,BOS,NHL,74,5,12,17,73,74,"","","","","","","","","",Calder-8,,,,,,,,83,3,93,29,16,0.5,4.3,4.8,,
Kyle McLaren,1996-97,19,BOS,NHL,58,5,9,14,54,68,"","","","","","","","","","",,,,,,,,53,2,80,20,-9,0.6,1.8,2.5,,
Kyle McLaren,1997-98,20,BOS,NHL,66,5,20,25,56,101,"","","","","","","","","","",,,,,,,,78,23,54,12,13,1.7,4.8,6.5,,
Kyle McLaren,1998-99,21,BOS,NHL,52,6,18,24,48,97,"",1218,23:25,"","","","","","","",,,,,,,,56,23,37,5,1,1.9,3.2,5.1,,
Kyle McLaren,1999-00,22,BOS,NHL,71,8,11,19,67,142,"",1654,23:18,"","","","","","","",,,,,,,,68,14,78,20,-4,1.1,3.5,4.5,,
Kyle McLaren,2000-01,23,BOS,NHL,58,5,12,17,53,91,"",1405,24:14,"","","","","","","",,,,,,,,57,6,79,23,-5,0.8,2.6,3.4,,
Kyle McLaren,2001-02,24,BOS,NHL,38,0,8,8,19,57,"",735,19:21,"","","","","","","",,,,,,,,26,0,34,4,-4,0.1,0.9,1.1,,
Kyle McLaren,2002-03,25,SJS,NHL,33,0,8,8,30,43,"",748,22:40,"","","","","","","",,,,,,,,22,3,37,8,-10,0.1,0.8,0.9,,
Kyle McLaren,2003-04,26,SJS,NHL,64,2,22,24,60,67,"",1345,21:01,"","","","","","","",,,,,,,,56,8,55,17,10,1.4,3.7,5.1,,
Kyle McLaren,2005-06,28,SJS,NHL,77,2,21,23,66,67,"",1761,22:52,"","","","","","","",,,,,,,,71,15,84,34,6,0.4,4.2,4.6,,
Kyle McLaren,2006-07,29,SJS,NHL,67,5,12,17,61,43,"",1435,21:25,"","","","","","","",,,,,,,,58,8,67,27,10,0.6,4.6,5.1,,
Kyle McLaren,2007-08,30,SJS,NHL,61,3,8,11,84,39,96,1120,18:21,0,0,75,127,11,29,"",825,752,630,568,38,38,99.0,42,1,48,10,3,0.2,3.5,3.8,,
Radek Dvorak,1995-96,18,FLA,NHL,77,13,14,27,20,126,"","","","","","","","","","",,,,,,,,44,2,38,1,5,0.4,1.3,1.7,,
Radek Dvorak,1996-97,19,FLA,NHL,78,18,21,39,30,139,"","","","","","","","","","",,,,,,,,56,12,47,1,-2,2.2,1.0,3.3,,
Radek Dvorak,1997-98,20,FLA,NHL,64,12,24,36,33,112,"","","","","","","","","","",,,,,,,,45,5,55,14,-1,2.6,0.8,3.4,,
Radek Dvorak,1998-99,21,FLA,NHL,82,19,24,43,29,182,"",1330,16:13,"","","","","","","",,,,,,,,60,9,72,28,7,2.9,1.6,4.5,,
Radek Dvorak,1999-00,22,TOT,NHL,81,18,32,50,16,157,"",1386,17:07,"","","","","","","",,,,,,,,74,14,74,19,5,3.1,1.7,4.8,,
Radek Dvorak,2000-01,23,NYR,NHL,82,31,36,67,20,230,"",1564,19:04,"","","","","","",Byng-18,,,,,,,,100,27,80,16,9,5.7,1.5,7.3,,
Radek Dvorak,2001-02,24,NYR,NHL,65,17,20,37,14,210,"",1283,19:44,"","","","","","","",,,,,,,,48,17,69,18,-20,2.3,0.1,2.3,,
Radek Dvorak,2002-03,25,TOT,NHL,75,10,25,35,30,166,"",1183,15:46,"","","","","","","",,,,,,,,51,13,58,14,-6,1.6,0.9,2.5,,
Radek Dvorak,2003-04,26,EDM,NHL,78,15,35,50,26,188,"",1320,16:56,"","","","","","",Byng-49,,,,,,,,67,13,46,10,18,3.7,1.9,5.6,,
Radek Dvorak,2005-06,28,EDM,NHL,64,8,20,28,26,131,"",1060,16:34,"","","","","","","",,,,,,,,45,4,57,14,-2,0.4,1.3,1.7,,
Radek Dvorak,2006-07,29,STL,NHL,82,10,27,37,48,139,"",1282,15:38,"","","","","","","",,,,,,,,51,12,56,11,-6,1.1,1.1,2.2,,
Radek Dvorak,2007-08,30,FLA,NHL,67,8,9,17,16,146,215,1013,15:07,2,10,36,50,36,15,"",689,734,549,586,21,25,99.6,24,0,48,23,-1,-0.2,1.0,0.9,,
Radek Dvorak,2008-09,31,FLA,NHL,81,15,21,36,42,136,226,1331,16:26,6,11,31,55,32,37,"",920,1108,696,867,43,48,101.0,50,2,70,22,0,1.5,1.4,2.9,,
Radek Dvorak,2009-10,32,FLA,NHL,76,14,18,32,20,140,228,1325,17:26,3,14,52,50,36,35,"",876,1133,675,826,31,41,99.5,41,5,64,21,-7,1.2,1.2,2.4,,
Radek Dvorak,2010-11,33,TOT,NHL,66,7,15,22,24,109,167,1061,16:05,7,12,33,51,35,25,"",790,842,570,624,30,30,100.8,32,0,43,13,2,0.1,1.4,1.5,,
Radek Dvorak,2011-12,34,DAL,NHL,73,4,17,21,12,83,163,1042,14:17,10,15,56,51,42,22,"",746,930,555,655,28,46,97.4,30,0,56,10,-16,-0.2,0.4,0.2,,
Radek Dvorak,2012-13,35,ANA,NHL,9,4,0,4,2,17,23,118,13:08,0,2,1,2,4,4,"",78,100,66,74,4,2,104.4,4,0,2,0,2,0.6,0.2,0.8,,
Radek Dvorak,2013-14,36,CAR,NHL,60,4,5,9,41,52,92,638,10:38,6,6,25,17,26,21,"",433,576,308,433,22,18,103.6,22,0,26,7,3,-0.3,0.9,0.6,,
Jarome Iginla,1996-97,19,CGY,NHL,82,21,29,50,37,169,"","","","","","","","","",Calder-2,,,,,,,,71,24,70,19,-4,3.6,1.2,4.8,"",""
Jarome Iginla,1997-98,20,CGY,NHL,70,13,19,32,29,154,"","","","","","","","","","",,,,,,,,44,9,53,8,-10,2.1,0.4,2.5,"",""
Jarome Iginla,1998-99,21,CGY,NHL,82,28,23,51,58,211,"",1353,16:30,"","","","","","","",,,,,,,,78,25,54,2,1,4.6,1.3,5.9,"",""
Jarome Iginla,1999-00,22,CGY,NHL,77,29,34,63,26,256,"",1417,18:24,"","","","","","","Byng-25,Hart-17",,,,,,,,87,37,58,8,0,5.4,1.5,7.0,"",""
Jarome Iginla,2000-01,23,CGY,NHL,77,31,40,71,62,229,"",1537,19:58,"","","","","","","",,,,,,,,94,38,71,13,-2,6.0,1.8,7.9,"",""
Jarome Iginla,2001-02,24,CGY,NHL,82,52,44,96,77,311,"",1834,22:22,"","","","","","","AS-1,Byng-9,Hart-2,Pearson-1,Richard-1,Ross-1",,,,,,,,126,42,62,5,27,11.2,3.2,14.4,"",""
Jarome Iginla,2002-03,25,CGY,NHL,75,35,32,67,49,316,"",1607,21:26,"","","","","","",Byng-34,,,,,,,,88,30,79,11,-10,6.5,1.6,8.2,"",""
Jarome Iginla,2003-04,26,CGY,NHL,81,41,32,73,84,265,"",1725,21:18,"","","","","","","AS-2,Byng-22,Clancy-1,Hart-2,Richard-1,Selke-34",,,,,,,,92,29,56,14,21,8.0,3.1,11.1,"",""
Jarome Iginla,2005-06,28,CGY,NHL,82,35,32,67,86,293,"",1779,21:42,"","","","","","",AS-7,,,,,,,,104,60,63,24,5,5.0,2.8,7.8,"",""
Jarome Iginla,2006-07,29,CGY,NHL,70,39,55,94,40,264,"",1544,22:04,"","","","","","","AS-5,Byng-13,Hart-15",,,,,,,,118,49,65,8,12,9.2,1.9,11.1,"",""
Jarome Iginla,2007-08,30,CGY,NHL,82,50,48,98,83,338,560,1758,21:26,245,200,10,98,47,64,"AS-1,Byng-18,Hart-3,Selke-48",1360,1045,1024,849,84,52,103.0,136,50,64,5,27,11.3,2.9,14.2,"",""
Jarome Iginla,2008-09,31,CGY,NHL,82,35,54,89,37,289,518,1772,21:37,262,235,15,80,35,48,"AS-1,Byng-7,Hart-10,Messier-1,Selke-35",1372,1155,1040,955,76,68,99.9,124,47,79,0,-2,7.8,1.7,9.5,"",""
Jarome Iginla,2009-10,32,CGY,NHL,82,32,37,69,58,257,485,1689,20:36,151,170,36,86,45,54,"AS-5,AS-12,Byng-18",1304,1299,947,1002,60,61,100.6,88,28,62,0,-2,6.2,2.0,8.2,"",""
Jarome Iginla,2010-11,33,CGY,NHL,82,43,43,86,40,289,518,1717,20:56,227,193,28,103,40,70,"AS-3,Byng-17,Hart-12",1309,1243,978,908,71,67,99.9,111,39,72,0,0,9.2,1.8,11.0,"",""
Jarome Iginla,2011-12,34,CGY,NHL,82,32,35,67,43,251,451,1690,20:36,214,212,43,124,52,58,"AS-14,Selke-43",1213,1485,891,1114,63,69,101.5,94,31,73,0,-10,6.6,1.7,8.3,"",""
Jarome Iginla,2012-13,35,TOT,NHL,44,14,19,33,31,134,219,828,18:49,123,124,13,65,18,17,Byng-39,605,625,446,451,29,33,98.4,52,23,35,1,-5,2.9,0.7,3.6,"",""
Jarome Iginla,2013-14,36,BOS,NHL,78,30,31,61,47,209,395,1421,18:13,8,29,27,142,30,29,AS-7,1284,1122,950,857,71,34,104.9,97,26,40,3,34,6.3,2.7,8.9,"",""
Jarome Iginla,2014-15,37,COL,NHL,82,29,30,59,42,189,350,1487,18:08,57,71,47,99,31,30,Byng-46,1027,1413,754,1030,59,56,102.7,77,18,60,2,0,5.8,1.7,7.4,45.8,58.4
Jarome Iginla,2015-16,38,COL,NHL,82,22,25,47,41,182,342,1301,15:52,61,54,45,70,22,22,"",893,1141,653,841,40,57,98.4,70,30,62,0,-22,4.0,0.6,4.6,37.1,47.7
Jarome Iginla,2016-17,39,TOT,NHL,80,14,13,27,70,153,262,1210,15:08,16,14,21,116,24,26,"",943,951,688,744,27,54,95.5,45,18,56,0,-30,1.1,0.5,1.6,33.9,40.4
Jay McKee,1995-96,18,BUF,NHL,1,0,1,1,2,2,"","","","","","","","","","",,,,,,,,2,0,1,0,1,0.1,0.1,0.2,,
Jay McKee,1996-97,19,BUF,NHL,43,1,9,10,35,29,"","","","","","","","","","",,,,,,,,35,7,28,3,3,0.2,2.1,2.3,,
Jay McKee,1997-98,20,BUF,NHL,56,1,13,14,42,55,"","","","","","","","","","",,,,,,,,38,8,46,15,-1,0.4,2.5,2.8,,
Jay McKee,1998-99,21,BUF,NHL,72,0,6,6,75,57,"",1474,20:28,"","","","","","","",,,,,,,,52,4,45,17,20,-0.9,4.5,3.6,,
Jay McKee,1999-00,22,BUF,NHL,78,5,12,17,50,84,"",1635,20:58,"","","","","","","",,,,,,,,57,1,83,32,5,0.6,3.8,4.4,,
Jay McKee,2000-01,23,BUF,NHL,74,1,10,11,76,62,"",1435,19:24,"","","","","","","",,,,,,,,50,0,59,18,9,-0.3,4.5,4.2,,
Jay McKee,2001-02,24,BUF,NHL,81,2,11,13,43,50,"",1574,19:26,"","","","","","","",,,,,,,,64,1,62,17,18,0.0,5.1,5.2,,
Jay McKee,2002-03,25,BUF,NHL,59,0,5,5,49,44,"",1106,18:45,"","","","","","","",,,,,,,,24,0,61,21,-16,-0.6,1.5,0.9,,
Jay McKee,2003-04,26,BUF,NHL,43,2,3,5,41,29,"",763,17:44,"","","","","","","",,,,,,,,29,1,35,13,6,-0.1,2.0,2.0,,
Jay McKee,2005-06,28,BUF,NHL,75,5,11,16,57,50,"",1354,18:03,"","","","","","","",,,,,,,,48,1,74,27,0,0.4,3.2,3.6,,
Jay McKee,2006-07,29,STL,NHL,23,0,0,0,12,19,"",465,20:14,"","","","","","","",,,,,,,,15,1,34,11,-9,-0.5,0.2,-0.3,,
Jay McKee,2007-08,30,STL,NHL,66,2,7,9,42,42,80,1181,17:54,0,0,164,73,5,11,"",713,872,576,629,35,34,100.2,37,1,58,24,2,-0.2,2.9,2.7,,
Jay McKee,2008-09,31,STL,NHL,69,1,7,8,44,43,84,1195,17:19,0,2,185,68,3,21,"",692,927,555,663,39,32,102.4,44,1,60,28,11,-0.5,3.9,3.4,,
Jay McKee,2009-10,32,PIT,NHL,62,1,9,10,54,42,88,957,15:26,0,1,136,59,4,10,"",755,759,556,545,38,36,99.5,42,0,57,21,6,0.0,2.3,2.4,,
Jeff Ware,1996-97,19,TOR,NHL,13,0,0,0,6,4,,"","",,,,,,,"",,,,,,,,5,0,3,0,2,-0.3,0.7,0.4,,
Jeff Ware,1997-98,20,TOR,NHL,2,0,0,0,0,0,,"","",,,,,,,"",,,,,,,,1,0,0,0,1,0.0,0.2,0.1,,
Jeff Ware,1998-99,21,FLA,NHL,6,0,1,1,6,1,,96,15:57,,,,,,,"",,,,,,,,3,0,11,2,-6,0.0,-0.3,-0.3,,
Brad Church,1997-98,21,WSH,NHL,2,0,0,0,0,4,,"","",,,,,,,"",,,,,,,,0,0,0,0,0,-0.1,0.0,0.0,,
Petr Sykora,1995-96,19,NJD,NHL,63,18,24,42,32,128,"","","","","","","","","",Calder-7,,,,,,,,62,25,30,0,7,2.8,1.3,4.2,,
Petr Sykora,1996-97,20,NJD,NHL,19,1,2,3,4,26,"","","","","","","","","","",,,,,,,,8,3,13,0,-8,-0.4,0.0,-0.4,,
Petr Sykora,1997-98,21,NJD,NHL,58,16,20,36,22,130,"","","","","","","","","","",,,,,,,,50,22,33,5,0,3.1,0.8,4.0,,
Petr Sykora,1998-99,22,NJD,NHL,80,29,43,72,22,222,"",1299,16:14,"","","","","","",Byng-8,,,,,,,,94,36,44,2,16,6.8,1.9,8.7,,
Petr Sykora,1999-00,23,NJD,NHL,79,25,43,68,26,222,"",1351,17:06,"","","","","","","Byng-20,Selke-28",,,,,,,,94,28,43,1,24,5.7,2.4,8.1,,
Petr Sykora,2000-01,24,NJD,NHL,73,35,46,81,32,249,"",1295,17:44,"","","","","","","AS-12,AS-11,Byng-42,Selke-14",,,,,,,,108,38,42,8,36,8.2,2.4,10.6,,
Petr Sykora,2001-02,25,NJD,NHL,73,21,27,48,44,194,"",1303,17:51,"","","","","","","",,,,,,,,78,49,24,7,12,3.8,2.1,5.9,,
Petr Sykora,2002-03,26,MDA,NHL,82,34,25,59,24,299,"",1515,18:29,"","","","","","",Byng-27,,,,,,,,79,37,54,5,-7,5.7,1.8,7.5,,
Petr Sykora,2003-04,27,MDA,NHL,81,23,29,52,34,277,"",1455,17:57,"","","","","","","",,,,,,,,77,35,51,0,-9,4.3,1.6,5.9,,
Petr Sykora,2005-06,29,TOT,NHL,74,23,28,51,50,230,"",1191,16:06,"","","","","","","",,,,,,,,78,38,35,1,6,3.8,1.6,5.4,,
Petr Sykora,2006-07,30,EDM,NHL,82,22,31,53,40,206,"",1366,16:40,"","","","","","",AS-12,,,,,,,,80,42,58,0,-20,3.7,1.2,4.9,,
Petr Sykora,2007-08,31,PIT,NHL,81,28,35,63,41,201,393,1365,16:51,9,6,19,26,22,25,"",834,973,629,734,47,39,102.9,96,49,48,2,1,5.9,1.4,7.3,,
Petr Sykora,2008-09,32,PIT,NHL,76,25,21,46,36,180,313,1238,16:17,5,7,20,14,11,19,"",799,963,605,687,47,35,103.3,83,36,44,0,3,3.9,1.3,5.2,,
Petr Sykora,2009-10,33,MIN,NHL,14,2,1,3,8,13,26,168,11:59,2,2,1,2,2,4,"",122,127,88,100,3,10,91.3,4,1,10,0,-7,0.1,-0.1,0.0,,
Petr Sykora,2011-12,35,NJD,NHL,82,21,23,44,40,170,312,1304,15:54,10,8,16,19,27,36,"",945,845,715,646,51,40,101.5,62,11,47,0,4,3.6,2.0,5.6,,
Dmitri Nabokov,1997-98,21,CHI,NHL,25,7,4,11,10,34,,"","",,,,,,,"",,,,,,,,19,9,11,0,-1,0.9,0.3,1.2,,
Dmitri Nabokov,1998-99,22,NYI,NHL,4,0,2,2,2,4,,47,11:38,,,,,,,"",,,,,,,,5,0,1,0,4,0.1,0.2,0.3,,
Dmitri Nabokov,1999-00,23,NYI,NHL,26,4,7,11,16,40,,352,13:33,,,,,,,"",,,,,,,,20,10,18,0,-8,0.6,0.0,0.7,,
Denis Gauthier,1997-98,21,CGY,NHL,10,0,0,0,16,3,"","","","","","","","","","",,,,,,,,2,0,7,0,-5,-0.2,0.0,-0.2,,
Denis Gauthier,1998-99,22,CGY,NHL,55,3,4,7,68,40,"",698,12:41,"","","","","","","",,,,,,,,25,0,35,13,3,0.3,1.4,1.7,,
Denis Gauthier,1999-00,23,CGY,NHL,39,1,1,2,50,29,"",754,19:21,"","","","","","","",,,,,,,,21,2,45,22,-4,-0.5,1.2,0.7,,
Denis Gauthier,2000-01,24,CGY,NHL,62,2,6,8,78,33,"",1030,16:37,"","","","","","","",,,,,,,,36,0,59,26,3,-0.1,2.8,2.7,,
Denis Gauthier,2001-02,25,CGY,NHL,66,5,8,13,91,76,"",1275,19:19,"","","","","","","",,,,,,,,50,2,67,28,9,0.6,3.5,4.2,,
Denis Gauthier,2002-03,26,CGY,NHL,72,1,11,12,99,50,"",1431,19:52,"","","","","","","",,,,,,,,45,4,61,25,5,-0.1,3.7,3.6,,
Denis Gauthier,2003-04,27,CGY,NHL,80,1,15,16,113,90,"",1498,18:43,"","","","","","","",,,,,,,,51,6,60,19,4,0.2,4.1,4.3,,
Denis Gauthier,2005-06,29,TOT,NHL,62,2,9,11,98,56,"",1024,16:31,"","","","","","","",,,,,,,,42,3,70,33,2,0.0,2.3,2.4,,
Denis Gauthier,2006-07,30,PHI,NHL,43,0,4,4,45,23,"",716,16:39,"","","","","","","",,,,,,,,25,0,55,19,-11,-0.4,0.8,0.3,,
Denis Gauthier,2008-09,32,LAK,NHL,65,2,2,4,90,36,101,945,14:32,0,0,104,182,10,35,"",676,697,520,531,24,36,97.0,25,0,55,19,-11,-0.5,1.8,1.3,,
Sean Brown,1996-97,20,EDM,NHL,5,0,0,0,4,2,,"","",,,,,,,"",,,,,,,,1,1,1,0,-1,-0.1,0.2,0.1,,
Sean Brown,1997-98,21,EDM,NHL,18,0,1,1,43,9,,"","",,,,,,,"",,,,,,,,7,0,11,3,-1,-0.3,0.9,0.6,,
Sean Brown,1998-99,22,EDM,NHL,51,0,7,7,188,27,,624,12:14,,,,,,,"",,,,,,,,23,2,22,2,1,0.1,1.2,1.3,,
Sean Brown,1999-00,23,EDM,NHL,72,4,8,12,192,36,,914,12:41,,,,,,,"",,,,,,,,43,1,44,3,1,0.7,2.0,2.7,,
Sean Brown,2000-01,24,EDM,NHL,62,2,3,5,110,30,,690,11:07,,,,,,,"",,,,,,,,33,0,33,2,2,0.0,1.4,1.4,,
Sean Brown,2001-02,25,TOT,NHL,73,6,5,11,174,64,,965,13:13,,,,,,,"",,,,,,,,42,4,31,0,7,0.8,2.7,3.6,,
Sean Brown,2002-03,26,BOS,NHL,69,1,5,6,117,39,,444,6:26,,,,,,,"",,,,,,,,10,1,18,3,-6,-0.5,0.1,-0.3,,
Sean Brown,2003-04,27,NJD,NHL,39,0,3,3,44,25,,544,13:56,,,,,,,"",,,,,,,,20,0,16,1,5,-0.3,1.8,1.5,,
Sean Brown,2005-06,29,TOT,NHL,47,1,11,12,35,49,,709,15:05,,,,,,,"",,,,,,,,28,8,39,2,-17,0.4,0.6,1.0,,
Miika Elomo,1999-00,22,WSH,NHL,2,0,1,1,2,3,,22,11:12,,,,,,,"",,,,,,,,1,0,0,0,1,0.0,0.1,0.1,,
Aleksey Morozov,1997-98,20,PIT,NHL,76,13,13,26,8,80,,"","",,,,,,,"",,,,,,,,32,4,32,0,-4,1.0,0.9,1.9,,
Aleksey Morozov,1998-99,21,PIT,NHL,67,9,10,19,14,75,,793,11:50,,,,,,,"",,,,,,,,27,1,27,6,5,0.8,1.0,1.7,,
Aleksey Morozov,1999-00,22,PIT,NHL,68,12,19,31,14,101,,942,13:51,,,,,,,"",,,,,,,,40,2,31,5,12,1.7,1.3,3.1,,
Aleksey Morozov,2000-01,23,PIT,NHL,66,5,14,19,6,72,,705,10:41,,,,,,,"",,,,,,,,29,5,41,9,-8,0.4,0.2,0.6,,
Aleksey Morozov,2001-02,24,PIT,NHL,72,20,29,49,16,162,,1203,16:42,,,,,,,"",,,,,,,,74,29,54,2,-7,4.1,1.1,5.2,,
Aleksey Morozov,2002-03,25,PIT,NHL,27,9,16,25,16,46,,505,18:42,,,,,,,"",,,,,,,,49,33,19,0,-3,2.2,0.6,2.8,,
Aleksey Morozov,2003-04,26,PIT,NHL,75,16,34,50,24,132,,1243,16:34,,,,,,,"",,,,,,,,71,36,60,1,-24,3.9,0.4,4.3,,
Maxim Kuznetsov,2000-01,23,DET,NHL,25,1,2,3,23,17,,237,9:28,,,,,,,"",,,,,,,,8,0,9,0,-1,0.2,0.4,0.6,,
Maxim Kuznetsov,2001-02,24,DET,NHL,39,1,2,3,40,27,,462,11:51,,,,,,,"",,,,,,,,13,0,14,1,0,-0.1,0.9,0.9,,
Maxim Kuznetsov,2002-03,25,TOT,NHL,56,0,3,3,54,33,,748,13:21,,,,,,,"",,,,,,,,23,0,23,1,1,-0.5,1.3,0.8,,
Maxim Kuznetsov,2003-04,26,LAK,NHL,16,0,1,1,20,11,,243,15:11,,,,,,,"",,,,,,,,5,0,12,2,-5,-0.2,0.1,-0.1,,
Marc Moro,1997-98,20,MDA,NHL,1,0,0,0,0,0,,"","",,,,,,,"",,,,,,,,0,0,0,0,0,0.0,0.0,0.0,,
Marc Moro,1999-00,22,NSH,NHL,8,0,0,0,40,3,,87,10:55,,,,,,,"",,,,,,,,0,0,4,1,-3,-0.1,0.0,-0.1,,
Marc Moro,2000-01,23,NSH,NHL,6,0,0,0,12,1,,21,3:34,,,,,,,"",,,,,,,,1,0,0,0,1,0.0,0.1,0.1,,
Marc Moro,2001-02,24,TOT,NHL,15,0,0,0,25,7,,179,11:57,,,,,,,"",,,,,,,,4,0,7,0,-3,-0.2,0.2,0.0,,
Jan Hlavac,1999-00,23,NYR,NHL,67,19,23,42,16,134,"",1015,15:09,"","","","","","",Calder-9,,,,,,,,62,19,40,0,3,3.4,1.3,4.7,,
Jan Hlavac,2000-01,24,NYR,NHL,79,28,36,64,20,195,"",1314,16:38,"","","","","","","",,,,,,,,92,30,59,0,3,5.8,1.1,6.9,,
Jan Hlavac,2001-02,25,TOT,NHL,77,16,15,31,18,132,"",1070,13:54,"","","","","","","",,,,,,,,49,5,35,0,9,2.1,1.3,3.5,,
Jan Hlavac,2002-03,26,TOT,NHL,61,10,16,26,28,123,"",991,16:14,"","","","","","","",,,,,,,,43,17,36,0,-10,1.1,0.9,2.0,,
Jan Hlavac,2003-04,27,NYR,NHL,72,5,21,26,16,125,"",999,13:52,"","","","","","","",,,,,,,,38,10,37,1,-8,0.7,0.5,1.2,,
Jan Hlavac,2007-08,31,TOT,NHL,80,12,23,35,40,152,267,1212,15:09,1,7,21,68,42,35,"",1022,837,790,652,45,47,97.8,50,4,47,0,-1,1.6,1.4,3.0,,
Brian Wesenberg,1998-99,21,PHI,NHL,1,0,0,0,5,0,,1,1:08,,,,,,,"",,,,,,,,1,0,0,0,1,0.0,0.0,0.0,,
Mike McBain,1997-98,21,TBL,NHL,27,0,1,1,8,17,,"","",,,,,,,"",,,,,,,,8,0,28,10,-10,-0.5,0.6,0.1,,
Mike McBain,1998-99,22,TBL,NHL,37,0,6,6,14,22,,548,14:49,,,,,,,"",,,,,,,,17,0,35,7,-11,0.1,0.3,0.4,,
Georges Laraque,1997-98,21,EDM,NHL,11,0,0,0,59,4,"","","","","","","","","","",,,,,,,,2,1,6,1,-4,-0.4,0.0,-0.4,,
Georges Laraque,1998-99,22,EDM,NHL,39,3,2,5,57,17,"",215,5:31,"","","","","","","",,,,,,,,7,0,8,0,-1,0.3,0.2,0.4,,
Georges Laraque,1999-00,23,EDM,NHL,76,8,8,16,123,56,"",644,8:28,"","","","","","","",,,,,,,,21,0,16,0,5,0.7,0.9,1.6,,
Georges Laraque,2000-01,24,EDM,NHL,82,13,16,29,148,73,"",742,9:03,"","","","","","","",,,,,,,,39,3,31,0,5,2.3,0.9,3.2,,
Georges Laraque,2001-02,25,EDM,NHL,80,5,14,19,157,95,"",784,9:48,"","","","","","","",,,,,,,,28,4,18,0,6,0.4,1.2,1.6,,
Georges Laraque,2002-03,26,EDM,NHL,64,6,7,13,110,46,"",592,9:15,"","","","","","","",,,,,,,,19,1,23,1,-4,0.4,0.4,0.8,,
Georges Laraque,2003-04,27,EDM,NHL,66,6,11,17,99,54,"",618,9:22,"","","","","","","",,,,,,,,28,4,17,0,7,0.9,0.8,1.7,,
Georges Laraque,2005-06,29,EDM,NHL,72,2,10,12,73,50,"",474,6:35,"","","","","","","",,,,,,,,14,0,19,0,-5,0.0,0.4,0.4,,
Georges Laraque,2006-07,30,TOT,NHL,73,5,19,24,70,44,"",705,9:39,"","","","","","","",,,,,,,,32,3,26,1,4,0.9,0.9,1.9,,
Georges Laraque,2007-08,31,PIT,NHL,71,4,9,13,141,29,50,547,7:42,0,1,9,87,9,10,"",353,517,275,389,17,16,102.7,17,0,18,1,0,0.3,0.5,0.8,,
Georges Laraque,2008-09,32,MTL,NHL,33,0,2,2,61,15,25,252,7:39,0,1,5,42,4,6,"",196,255,138,169,3,9,95.7,3,0,10,1,-6,-0.5,0.0,-0.5,,
Georges Laraque,2009-10,33,MTL,NHL,28,1,2,3,28,2,8,161,5:46,0,0,5,21,1,4,Byng-54,91,190,66,134,3,9,96.0,3,0,9,0,-6,0.0,0.0,-0.1,,
Marc Chouinard,2000-01,23,MDA,NHL,44,3,4,7,12,26,,345,7:50,,,,,,,"",,,,,,,,8,0,14,1,-5,0.1,0.3,0.3,,
Marc Chouinard,2001-02,24,MDA,NHL,45,4,5,9,10,40,,477,10:36,,,,,,,"",,,,,,,,11,0,20,11,2,0.1,0.7,0.8,,
Marc Chouinard,2002-03,25,MDA,NHL,70,3,4,7,40,52,,659,9:25,,,,,,,"",,,,,,,,11,0,32,12,-9,-0.8,0.5,-0.2,,
Marc Chouinard,2003-04,26,MIN,NHL,45,11,10,21,17,70,,719,15:58,,,,,,,"",,,,,,,,34,9,36,15,4,1.6,1.1,2.7,,
Marc Chouinard,2005-06,28,MIN,NHL,74,14,16,30,34,112,,1220,16:29,,,,,,,"",,,,,,,,61,32,50,22,1,0.8,1.9,2.7,,
Marc Chouinard,2006-07,29,VAN,NHL,42,2,2,4,10,15,,396,9:26,,,,,,,"",,,,,,,,9,3,22,14,-2,-0.5,0.5,-0.1,,
Don MacLean,1997-98,21,LAK,NHL,22,5,2,7,4,25,,"","",,,,,,,"",,,,,,,,9,2,8,0,-1,0.4,0.2,0.6,,
Don MacLean,2000-01,24,TOR,NHL,3,0,1,1,2,2,,29,9:48,,,,,,,"",,,,,,,,1,0,3,0,-2,0.0,0.0,0.0,,
Don MacLean,2003-04,27,CBJ,NHL,4,1,0,1,0,10,,47,11:41,,,,,,,"",,,,,,,,3,1,3,0,-1,0.1,0.0,0.1,,
Don MacLean,2005-06,29,DET,NHL,3,1,1,2,0,3,,38,12:45,,,,,,,"",,,,,,,,3,1,0,0,2,0.2,0.1,0.3,,
Don MacLean,2006-07,30,PHX,NHL,9,1,1,2,0,12,,114,12:38,,,,,,,"",,,,,,,,5,3,6,0,-4,0.0,0.0,-0.1,,
Jason Doig,1995-96,19,WIN,NHL,15,1,1,2,28,7,,"","",,,,,,,"",,,,,,,,7,0,9,0,-2,0.0,0.5,0.4,,
Jason Doig,1997-98,21,PHX,NHL,4,0,1,1,12,1,,"","",,,,,,,"",,,,,,,,1,0,5,0,-4,0.0,-0.1,-0.1,,
Jason Doig,1998-99,22,PHX,NHL,9,0,1,1,10,0,,46,5:08,,,,,,,"",,,,,,,,3,0,1,0,2,0.1,0.3,0.3,,
Jason Doig,1999-00,23,NYR,NHL,7,0,1,1,22,3,,62,8:50,,,,,,,"",,,,,,,,3,0,5,0,-2,0.0,0.0,0.0,,
Jason Doig,2000-01,24,NYR,NHL,3,0,0,0,0,1,,20,6:35,,,,,,,"",,,,,,,,1,0,1,0,0,0.0,0.0,0.0,,
Jason Doig,2002-03,26,WSH,NHL,55,3,5,8,108,41,,780,14:11,,,,,,,"",,,,,,,,17,0,34,14,-3,0.3,1.1,1.4,,
Jason Doig,2003-04,27,WSH,NHL,65,2,9,11,105,59,,1244,19:09,,,,,,,"",,,,,,,,40,0,78,26,-12,0.0,1.9,2.0,,
Patrick Cote,1995-96,21,DAL,NHL,2,0,0,0,5,0,,"","",,,,,,,"",,,,,,,,0,0,2,0,-2,-0.1,0.0,-0.1,,
Patrick Cote,1996-97,22,DAL,NHL,3,0,0,0,27,1,,"","",,,,,,,"",,,,,,,,0,0,0,0,0,-0.1,0.0,-0.1,,
Patrick Cote,1997-98,23,DAL,NHL,3,0,0,0,15,3,,"","",,,,,,,"",,,,,,,,0,0,1,0,-1,-0.1,0.0,-0.1,,
Patrick Cote,1998-99,24,NSH,NHL,70,1,2,3,242,21,,296,4:14,,,,,,,"",,,,,,,,7,1,13,0,-7,-0.4,0.0,-0.4,,
Patrick Cote,1999-00,25,NSH,NHL,21,0,0,0,70,8,,110,5:13,,,,,,,"",,,,,,,,0,0,7,0,-7,-0.3,-0.1,-0.4,,
Patrick Cote,2000-01,26,EDM,NHL,6,0,0,0,18,0,,19,3:07,,,,,,,"",,,,,,,,0,0,2,0,-2,-0.1,-0.1,-0.1,,
Christian Dube,1996-97,19,NYR,NHL,27,1,1,2,4,14,,"","",,,,,,,"",,,,,,,,5,4,5,0,-4,-0.8,0.1,-0.6,,
Christian Dube,1998-99,21,NYR,NHL,6,0,0,0,0,0,,16,2:39,,,,,,,"",,,,,,,,0,0,0,0,0,0.0,0.0,0.0,,
Chris McAllister,1997-98,22,VAN,NHL,36,1,2,3,106,15,,"","",,,,,,,"",,,,,,,,10,0,24,2,-12,-0.3,0.3,-0.1,,
Chris McAllister,1998-99,23,TOT,NHL,48,1,3,4,102,18,,444,9:16,,,,,,,"",,,,,,,,15,0,25,7,-3,0.1,0.4,0.5,,
Chris McAllister,1999-00,24,TOR,NHL,36,0,3,3,68,12,,433,12:02,,,,,,,"",,,,,,,,13,0,18,1,-4,-0.2,0.4,0.3,,
Chris McAllister,2000-01,25,PHI,NHL,60,2,2,4,124,33,,696,11:36,,,,,,,"",,,,,,,,27,0,26,0,1,-0.1,1.4,1.3,,
Chris McAllister,2001-02,26,PHI,NHL,42,0,5,5,113,26,,386,9:12,,,,,,,"",,,,,,,,7,0,14,0,-7,0.1,0.1,0.3,,
Chris McAllister,2002-03,27,TOT,NHL,33,0,1,1,47,13,,294,8:54,,,,,,,"",,,,,,,,15,0,12,1,4,-0.2,0.9,0.7,,
Chris McAllister,2003-04,28,TOT,NHL,46,0,1,1,74,19,,343,7:28,,,,,,,"",,,,,,,,6,1,15,4,-6,-0.8,0.1,-0.8,,
D.J. Smith,1996-97,19,TOR,NHL,8,0,1,1,7,4,,"","",,,,,,,"",,,,,,,,2,0,8,1,-5,-0.1,0.0,-0.1,,
D.J. Smith,1999-00,22,TOR,NHL,3,0,0,0,5,2,,38,12:37,,,,,,,"",,,,,,,,1,0,2,0,-1,0.0,0.0,-0.1,,
D.J. Smith,2002-03,25,COL,NHL,34,1,0,1,55,7,,130,3:49,,,,,,,"",,,,,,,,3,0,1,0,2,0.1,0.4,0.5,,
Dwayne Hay,1997-98,20,WSH,NHL,2,0,0,0,2,1,,"","",,,,,,,"",,,,,,,,0,0,0,0,0,-0.1,0.0,0.0,,
Dwayne Hay,1998-99,21,FLA,NHL,9,0,0,0,0,3,,59,6:35,,,,,,,"",,,,,,,,1,0,2,0,-1,-0.2,0.0,-0.1,,
Dwayne Hay,1999-00,22,TOT,NHL,19,1,1,2,4,14,,118,6:14,,,,,,,"",,,,,,,,3,0,5,0,-2,0.0,0.0,0.0,,
Dwayne Hay,2000-01,23,CGY,NHL,49,1,3,4,16,39,,412,8:24,,,,,,,"",,,,,,,,11,0,15,0,-4,-0.6,0.4,-0.3,,
Nathan Perrott,2001-02,25,NSH,NHL,22,1,2,3,74,7,,108,4:55,,,,,,,"",,,,,,,,4,0,5,0,-1,0.1,0.1,0.2,,
Nathan Perrott,2002-03,26,NSH,NHL,1,0,0,0,5,0,,4,4:13,,,,,,,"",,,,,,,,0,0,0,0,0,0.0,0.0,0.0,,
Nathan Perrott,2003-04,27,TOR,NHL,40,1,2,3,116,47,,307,7:40,,,,,,,"",,,,,,,,6,0,7,0,-1,-0.4,0.2,-0.2,,
Nathan Perrott,2005-06,29,TOT,NHL,26,2,1,3,56,19,,143,5:30,,,,,,,"",,,,,,,,5,0,8,0,-3,0.1,0.1,0.1,,
Christian Laflamme,1996-97,20,CHI,NHL,4,0,1,1,2,3,,"","",,,,,,,"",,,,,,,,4,0,1,0,3,0.0,0.4,0.4,,
Christian Laflamme,1997-98,21,CHI,NHL,72,0,11,11,59,75,,"","",,,,,,,"",,,,,,,,37,3,25,5,14,-0.4,5.1,4.7,,
Christian Laflamme,1998-99,22,TOT,NHL,73,2,12,14,70,68,,1351,18:30,,,,,,,"",,,,,,,,48,9,66,24,-3,0.3,2.1,2.4,,
Christian Laflamme,1999-00,23,TOT,NHL,65,0,7,7,40,24,,902,13:52,,,,,,,"",,,,,,,,35,1,49,6,-9,-0.2,1.3,1.1,,
Christian Laflamme,2000-01,24,MTL,NHL,39,0,3,3,42,16,,471,12:04,,,,,,,"",,,,,,,,12,1,25,3,-11,-0.2,0.4,0.2,,
Christian Laflamme,2001-02,25,STL,NHL,8,0,1,1,4,6,,111,13:54,,,,,,,"",,,,,,,,7,1,4,1,3,0.0,0.5,0.5,,
Christian Laflamme,2002-03,26,STL,NHL,47,0,9,9,45,44,,713,15:10,,,,,,,"",,,,,,,,27,4,27,5,1,0.2,1.3,1.5,,
Christian Laflamme,2003-04,27,STL,NHL,16,0,1,1,20,9,,208,13:00,,,,,,,"",,,,,,,,6,1,9,1,-3,-0.1,0.3,0.2,,
Jochen Hecht,1998-99,21,STL,NHL,3,0,0,0,0,4,"",40,13:16,"","","","","","","",,,,,,,,2,2,2,0,-2,-0.1,0.0,-0.1,,
Jochen Hecht,1999-00,22,STL,NHL,63,13,21,34,28,140,"",971,15:25,"","","","","","",Calder-12,,,,,,,,61,20,21,0,20,2.1,1.9,4.1,,
Jochen Hecht,2000-01,23,STL,NHL,72,19,25,44,48,208,"",1291,17:56,"","","","","","","",,,,,,,,71,26,52,18,11,3.0,1.9,4.9,,
Jochen Hecht,2001-02,24,EDM,NHL,82,16,24,40,60,211,"",1230,15:00,"","","","","","","",,,,,,,,61,23,36,2,4,2.7,1.7,4.3,,
Jochen Hecht,2002-03,25,BUF,NHL,49,10,16,26,30,145,"",878,17:55,"","","","","","","",,,,,,,,39,11,33,9,4,1.4,1.3,2.8,,
Jochen Hecht,2003-04,26,BUF,NHL,64,15,37,52,49,174,"",1216,19:00,"","","","","","",Selke-20,,,,,,,,78,23,52,14,17,4.3,2.0,6.2,,
Jochen Hecht,2005-06,28,BUF,NHL,64,18,24,42,34,179,"",1160,18:07,"","","","","","","",,,,,,,,69,22,49,12,10,2.5,1.8,4.3,,
Jochen Hecht,2006-07,29,BUF,NHL,76,19,37,56,39,197,"",1432,18:51,"","","","","","",Selke-23,,,,,,,,90,19,75,23,19,3.5,1.6,5.1,,
Jochen Hecht,2007-08,30,BUF,NHL,75,22,27,49,38,229,362,1449,19:19,378,518,39,45,35,40,Byng-60,992,1001,782,761,52,49,100.3,67,13,78,25,1,3.4,1.4,4.8,,
Jochen Hecht,2008-09,31,BUF,NHL,70,12,15,27,33,173,261,1218,17:24,235,303,38,29,30,37,"",887,863,693,658,31,44,96.7,43,8,60,16,-9,0.6,1.0,1.6,,
Jochen Hecht,2009-10,32,BUF,NHL,79,21,21,42,35,224,340,1358,17:11,143,172,43,44,43,47,Selke-36,1103,1014,851,788,60,47,101.4,67,4,58,9,14,2.8,2.2,5.0,,
Jochen Hecht,2010-11,33,BUF,NHL,67,12,17,29,40,172,277,1144,17:05,314,415,26,32,33,26,"",984,798,750,592,48,42,98.9,57,8,64,19,4,1.2,1.4,2.6,,
Jochen Hecht,2011-12,34,BUF,NHL,22,4,4,8,6,40,69,370,16:50,136,164,9,14,11,14,"",262,284,186,222,12,12,101.1,14,1,20,8,1,0.3,0.4,0.7,,
Jochen Hecht,2012-13,35,BUF,NHL,47,5,9,14,18,69,107,644,13:42,147,206,27,24,22,13,"",441,536,327,400,22,17,103.3,23,0,22,5,6,0.3,0.9,1.2,,
Pavel Rosa,1998-99,21,LAK,NHL,29,4,12,16,6,61,,393,13:34,,,,,,,"",,,,,,,,24,6,18,0,0,1.1,0.5,1.6,,
Pavel Rosa,1999-00,22,LAK,NHL,3,0,0,0,0,1,,34,11:21,,,,,,,"",,,,,,,,0,0,1,0,-1,-0.1,0.0,-0.1,,
Pavel Rosa,2002-03,25,LAK,NHL,2,0,0,0,0,4,,28,13:57,,,,,,,"",,,,,,,,0,0,1,0,-1,-0.1,0.0,-0.1,,
Pavel Rosa,2003-04,26,LAK,NHL,2,1,1,2,0,4,,25,12:41,,,,,,,"",,,,,,,,2,1,0,0,1,0.3,0.1,0.3,,
Philippe Audet,1998-99,21,DET,NHL,4,0,0,0,0,3,,17,4:19,,,,,,,"",,,,,,,,0,0,2,0,-2,0.0,-0.1,-0.1,,
Brad Larsen,1997-98,20,COL,NHL,1,0,0,0,0,0,"","","","","","","","","","",,,,,,,,0,0,0,0,0,0.0,0.0,0.0,,
Brad Larsen,2000-01,23,COL,NHL,9,0,0,0,0,3,"",84,9:17,"","","","","","","",,,,,,,,2,0,1,0,1,-0.2,0.1,-0.1,,
Brad Larsen,2001-02,24,COL,NHL,50,2,7,9,47,38,"",406,8:07,"","","","","","","",,,,,,,,13,1,10,2,4,0.1,0.7,0.8,,
Brad Larsen,2002-03,25,COL,NHL,6,0,3,3,2,6,"",50,8:17,"","","","","","","",,,,,,,,4,0,1,0,3,0.2,0.2,0.3,,
Brad Larsen,2003-04,26,TOT,NHL,32,2,2,4,13,23,"",282,8:49,"","","","","","","",,,,,,,,6,0,12,6,0,-0.1,0.3,0.2,,
Brad Larsen,2005-06,28,ATL,NHL,62,7,8,15,21,48,"",681,10:59,"","","","","","","",,,,,,,,26,1,53,25,-3,0.2,0.5,0.7,,
Brad Larsen,2006-07,29,ATL,NHL,72,7,6,13,39,61,"",891,12:22,"","","","","","","",,,,,,,,18,0,60,31,-11,-0.5,0.5,0.0,,
Brad Larsen,2007-08,30,ATL,NHL,62,1,3,4,12,35,47,560,9:02,34,47,10,43,19,8,"",343,471,267,368,9,24,95.7,9,0,35,9,-17,-1.1,-0.1,-1.2,,
Mike Leclerc,1996-97,20,MDA,NHL,5,1,1,2,0,3,,"","",,,,,,,"",,,,,,,,2,0,0,0,2,0.1,0.1,0.2,,
Mike Leclerc,1997-98,21,MDA,NHL,7,0,0,0,6,11,,"","",,,,,,,"",,,,,,,,0,0,6,0,-6,-0.3,-0.1,-0.4,,
Mike Leclerc,1998-99,22,MDA,NHL,7,0,0,0,4,1,,41,5:52,,,,,,,"",,,,,,,,0,0,2,0,-2,-0.1,0.0,-0.1,,
Mike Leclerc,1999-00,23,MDA,NHL,69,8,11,19,70,105,,837,12:08,,,,,,,"",,,,,,,,27,1,43,2,-15,0.4,0.3,0.8,,
Mike Leclerc,2000-01,24,MDA,NHL,54,15,20,35,26,130,,950,17:36,,,,,,,"",,,,,,,,50,23,44,16,-1,2.5,1.2,3.7,,
Mike Leclerc,2001-02,25,MDA,NHL,82,20,24,44,107,178,,1425,17:23,,,,,,,"",,,,,,,,61,20,58,5,-12,3.0,1.5,4.5,,
Mike Leclerc,2002-03,26,MDA,NHL,57,9,19,28,34,122,,966,16:56,,,,,,,"",,,,,,,,35,12,34,3,-8,1.2,1.0,2.2,,
Mike Leclerc,2003-04,27,MDA,NHL,10,1,3,4,4,19,,156,15:37,,,,,,,"",,,,,,,,5,1,5,0,-1,0.1,0.2,0.3,,
Mike Leclerc,2005-06,29,TOT,NHL,50,10,16,26,37,65,,668,13:21,,,,,,,"",,,,,,,,33,13,22,2,0,1.6,0.8,2.4,,
Shane Willis,1998-99,21,CAR,NHL,7,0,0,0,0,1,,16,2:14,,,,,,,"",,,,,,,,0,0,2,0,-2,0.0,-0.1,-0.1,,
Shane Willis,1999-00,22,CAR,NHL,2,0,0,0,0,1,,12,5:50,,,,,,,"",,,,,,,,0,0,1,0,-1,0.0,0.0,-0.1,,
Shane Willis,2000-01,23,CAR,NHL,73,20,24,44,45,172,,1166,15:58,,,,,,,Calder-5,,,,,,,,65,32,39,0,-6,3.3,1.4,4.7,,
Shane Willis,2001-02,24,TOT,NHL,80,11,13,24,30,155,,1004,12:33,,,,,,,"",,,,,,,,41,11,38,0,-8,1.0,0.9,1.9,,
Shane Willis,2003-04,26,TBL,NHL,12,0,6,6,2,27,,166,13:50,,,,,,,"",,,,,,,,8,1,6,0,1,0.2,0.2,0.4,,
Darryl Laplante,1997-98,20,DET,NHL,2,0,0,0,0,2,,"","",,,,,,,"",,,,,,,,0,0,0,0,0,-0.1,0.0,-0.1,,
Darryl Laplante,1998-99,21,DET,NHL,3,0,0,0,0,0,,6,1:59,,,,,,,"",,,,,,,,0,0,0,0,0,0.0,0.0,0.0,,
Darryl Laplante,1999-00,22,DET,NHL,30,0,6,6,10,19,,287,9:35,,,,,,,"",,,,,,,,15,0,17,0,-2,-0.2,0.2,0.0,,
Vladimir Tsyplakov,1995-96,26,LAK,NHL,23,5,5,10,4,40,,"","",,,,,,,"",,,,,,,,16,4,11,0,1,0.4,0.3,0.7,,
Vladimir Tsyplakov,1996-97,27,LAK,NHL,67,16,23,39,12,118,,"","",,,,,,,"",,,,,,,,57,11,38,0,8,2.7,1.3,4.0,,
Vladimir Tsyplakov,1997-98,28,LAK,NHL,73,18,34,52,18,113,,"","",,,,,,,"",,,,,,,,75,14,50,4,15,4.5,1.3,5.8,,
Vladimir Tsyplakov,1998-99,29,LAK,NHL,69,11,12,23,32,111,,1130,16:23,,,,,,,"",,,,,,,,43,7,55,12,-7,0.6,1.1,1.7,,
Vladimir Tsyplakov,1999-00,30,TOT,NHL,63,12,20,32,14,76,,774,12:17,,,,,,,"",,,,,,,,43,3,17,0,23,2.4,1.7,4.1,,
Vladimir Tsyplakov,2000-01,31,BUF,NHL,36,7,7,14,10,39,,407,11:18,,,,,,,"",,,,,,,,18,0,17,1,2,1.0,0.6,1.6,,
Miloslav Guren,1998-99,22,MTL,NHL,12,0,1,1,4,11,,144,12:02,,,,,,,"",,,,,,,,3,0,4,0,-1,0.0,0.3,0.3,,
Miloslav Guren,1999-00,23,MTL,NHL,24,1,2,3,12,20,,366,15:14,,,,,,,"",,,,,,,,11,3,16,3,-5,0.0,0.6,0.7,,
Larry Courville,1995-96,20,VAN,NHL,3,1,0,1,0,2,,"","",,,,,,,"",,,,,,,,1,0,0,0,1,0.1,0.1,0.1,,
Larry Courville,1996-97,21,VAN,NHL,19,0,2,2,11,11,,"","",,,,,,,"",,,,,,,,3,0,7,0,-4,-0.6,0.1,-0.5,,
Larry Courville,1997-98,22,VAN,NHL,11,0,0,0,5,3,,"","",,,,,,,"",,,,,,,,0,0,7,0,-7,-0.4,-0.2,-0.6,,
Petr Buzek,1997-98,20,DAL,NHL,2,0,0,0,2,0,,"","",,,,,,,"",,,,,,,,1,0,0,0,1,0.0,0.2,0.2,,
Petr Buzek,1998-99,21,DAL,NHL,2,0,0,0,2,0,,28,13:50,,,,,,,"",,,,,,,,0,0,0,0,0,0.0,0.1,0.0,,
Petr Buzek,1999-00,22,ATL,NHL,63,5,14,19,41,90,,1159,18:24,,,,,,,"",,,,,,,,45,13,69,15,-22,1.2,1.1,2.3,,
Petr Buzek,2000-01,23,ATL,NHL,5,0,0,0,8,11,,87,17:26,,,,,,,"",,,,,,,,4,1,4,3,2,-0.1,0.3,0.2,,
Petr Buzek,2001-02,24,TOT,NHL,41,1,3,4,27,36,,694,16:56,,,,,,,"",,,,,,,,27,3,30,6,0,-0.2,1.5,1.3,,
Petr Buzek,2002-03,25,CGY,NHL,44,3,5,8,14,48,,632,14:22,,,,,,,"",,,,,,,,18,7,19,2,-6,0.5,1.0,1.5,,
Peter Schaefer,1998-99,21,VAN,NHL,25,4,4,8,8,24,"",334,13:21,"","","","","","","",,,,,,,,12,4,13,4,-1,0.4,0.3,0.7,,
Peter Schaefer,1999-00,22,VAN,NHL,71,16,15,31,20,101,"",1098,15:28,"","","","","","","",,,,,,,,48,12,57,21,0,1.8,1.1,2.9,,
Peter Schaefer,2000-01,23,VAN,NHL,82,16,20,36,22,163,"",1337,16:18,"","","","","","","",,,,,,,,52,11,65,28,4,1.7,1.5,3.2,,
Peter Schaefer,2002-03,25,OTT,NHL,75,6,17,23,32,93,"",1124,14:59,"","","","","","","",,,,,,,,47,4,40,8,11,-0.1,1.7,1.6,,
Peter Schaefer,2003-04,26,OTT,NHL,81,15,24,39,26,112,"",1264,15:36,"","","","","","",Selke-34,,,,,,,,61,9,47,17,22,2.6,2.1,4.7,,
Peter Schaefer,2005-06,28,OTT,NHL,82,20,30,50,40,137,"",1297,15:49,"","","","","","","",,,,,,,,73,18,60,21,16,3.2,1.8,5.0,,
Peter Schaefer,2006-07,29,OTT,NHL,77,12,34,46,32,132,"",1288,16:44,"","","","","","","",,,,,,,,63,18,53,15,7,2.2,1.3,3.5,,
Peter Schaefer,2007-08,30,BOS,NHL,63,9,17,26,18,91,153,943,14:58,3,4,16,32,15,13,"",674,676,504,545,32,26,102.8,42,10,32,4,4,1.1,1.2,2.3,,
Peter Schaefer,2010-11,33,VAN,NHL,16,1,1,2,2,10,22,155,9:41,13,20,7,18,8,1,"",97,134,68,105,4,7,100.1,4,0,13,6,-3,-0.1,0.0,-0.1,,
Brad Isbister,1997-98,20,PHX,NHL,66,9,8,17,102,115,"","","","","","","","","","",,,,,,,,35,7,27,3,4,0.2,0.9,1.0,,
Brad Isbister,1998-99,21,PHX,NHL,32,4,4,8,46,48,"",370,11:33,"","","","","","","",,,,,,,,11,0,10,0,1,0.2,0.4,0.7,,
Brad Isbister,1999-00,22,NYI,NHL,64,22,20,42,100,135,"",1086,16:58,"","","","","","","",,,,,,,,60,23,55,0,-18,3.8,0.4,4.2,,
Brad Isbister,2000-01,23,NYI,NHL,51,18,14,32,59,129,"",991,19:26,"","","","","","","",,,,,,,,44,18,50,5,-19,2.4,0.5,2.9,,
Brad Isbister,2001-02,24,NYI,NHL,79,17,21,38,113,142,"",1209,15:18,"","","","","","","",,,,,,,,60,15,44,0,1,2.6,1.3,3.9,,
Brad Isbister,2002-03,25,TOT,NHL,66,13,15,28,43,119,"",909,13:46,"","","","","","","",,,,,,,,39,8,41,1,-9,1.8,0.6,2.4,,
Brad Isbister,2003-04,26,EDM,NHL,51,10,8,18,54,80,"",651,12:46,"","","","","","","",,,,,,,,25,4,23,0,-2,1.4,0.5,1.8,,
Brad Isbister,2005-06,28,BOS,NHL,58,6,17,23,46,112,"",807,13:55,"","","","","","","",,,,,,,,36,8,30,0,-2,0.5,0.8,1.3,,
Brad Isbister,2006-07,29,NYR,NHL,19,1,4,5,14,36,"",259,13:36,"","","","","","","",,,,,,,,11,1,5,0,5,-0.1,0.5,0.4,,
Brad Isbister,2007-08,30,VAN,NHL,55,6,5,11,38,71,107,595,10:49,8,9,10,26,8,11,"",416,470,328,363,14,18,99.0,15,1,19,1,-4,0.2,0.5,0.7,,
Sergey Gusev,1997-98,22,DAL,NHL,9,0,0,0,2,5,,"","",,,,,,,"",,,,,,,,1,1,5,0,-5,-0.2,0.2,0.0,,
Sergey Gusev,1998-99,23,TOT,NHL,36,1,7,8,16,46,,566,15:44,,,,,,,"",,,,,,,,21,8,18,2,-3,0.4,1.1,1.4,,
Sergey Gusev,1999-00,24,TBL,NHL,28,2,3,5,6,23,,492,17:34,,,,,,,"",,,,,,,,14,3,31,11,-9,0.2,0.3,0.5,,
Sergey Gusev,2000-01,25,TBL,NHL,16,1,0,1,10,13,,214,13:23,,,,,,,"",,,,,,,,8,1,10,0,-3,0.0,0.2,0.2,,
Sergei Vyshedkevich,1999-00,25,ATL,NHL,7,1,3,4,2,5,,163,23:18,,,,,,,"",,,,,,,,10,2,12,1,-3,0.3,0.2,0.5,,
Sergei Vyshedkevich,2000-01,26,ATL,NHL,23,1,2,3,14,28,,473,20:34,,,,,,,"",,,,,,,,18,5,25,5,-7,-0.1,0.3,0.2,,
Rocky Thompson,1997-98,20,CGY,NHL,12,0,0,0,61,3,,"","",,,,,,,"",,,,,,,,1,0,1,0,0,-0.3,0.4,0.2,,
Rocky Thompson,1998-99,21,CGY,NHL,3,0,0,0,25,0,,6,2:01,,,,,,,"",,,,,,,,0,0,0,0,0,0.0,0.0,0.0,,
Rocky Thompson,2000-01,23,FLA,NHL,4,0,0,0,19,0,,6,1:28,,,,,,,"",,,,,,,,0,0,0,0,0,0.0,0.0,0.0,,
Rocky Thompson,2001-02,24,FLA,NHL,6,0,0,0,12,1,,24,4:03,,,,,,,"",,,,,,,,0,0,0,0,0,-0.1,0.0,0.0,,
John Tripp,2002-03,25,NYR,NHL,9,1,2,3,2,16,,79,8:43,,,,,,,"",,,,,,,,3,1,1,0,1,0.2,0.1,0.3,,
John Tripp,2003-04,26,LAK,NHL,34,1,5,6,33,45,,275,8:05,,,,,,,"",,,,,,,,8,0,12,0,-4,0.0,0.1,0.1,,
David Gosselin,1999-00,22,NSH,NHL,10,2,1,3,6,14,,93,9:16,,,,,,,"",,,,,,,,3,0,7,0,-4,0.3,0.0,0.2,,
David Gosselin,2001-02,24,NSH,NHL,3,0,0,0,5,0,,21,7:05,,,,,,,"",,,,,,,,0,0,1,0,-1,-0.1,0.0,-0.1,,
Alyn McCauley,1997-98,20,TOR,NHL,60,6,10,16,6,77,,"","",,,,,,,"",,,,,,,,23,2,34,6,-7,0.0,0.6,0.6,,
Alyn McCauley,1998-99,21,TOR,NHL,39,9,15,24,2,76,,592,15:10,,,,,,,"",,,,,,,,33,6,23,3,7,1.8,0.6,2.4,,
Alyn McCauley,1999-00,22,TOR,NHL,45,5,5,10,10,41,,485,10:46,,,,,,,"",,,,,,,,15,2,22,3,-6,0.2,0.2,0.4,,
Alyn McCauley,2000-01,23,TOR,NHL,14,1,0,1,0,13,,147,10:28,,,,,,,"",,,,,,,,1,0,2,1,0,-0.2,0.2,-0.1,,
Alyn McCauley,2001-02,24,TOR,NHL,82,6,10,16,18,95,,935,11:24,,,,,,,"",,,,,,,,26,1,36,21,10,-0.2,1.2,1.0,,
Alyn McCauley,2002-03,25,TOT,NHL,80,9,16,25,20,108,,1105,13:49,,,,,,,"",,,,,,,,36,8,38,11,1,0.5,1.2,1.7,,
Alyn McCauley,2003-04,26,SJS,NHL,82,20,27,47,28,146,,1381,16:51,,,,,,,"Byng-43,Selke-3",,,,,,,,68,15,45,15,23,3.6,2.4,6.1,,
Alyn McCauley,2005-06,28,SJS,NHL,76,12,14,26,30,105,,1082,14:14,,,,,,,"",,,,,,,,37,6,61,27,-3,0.6,1.1,1.7,,
Alyn McCauley,2006-07,29,LAK,NHL,10,1,0,1,2,4,,97,9:43,,,,,,,"",,,,,,,,2,0,5,3,0,-0.1,0.1,0.0,,
Dave Duerden,1999-00,22,FLA,NHL,2,0,0,0,0,1,,3,1:35,,,,,,,"",,,,,,,,0,0,0,0,0,0.0,0.0,0.0,,
Tomi Kallio,2000-01,24,ATL,NHL,56,14,13,27,22,115,,912,16:17,,,,,,,"",,,,,,,,36,6,44,11,-3,1.7,0.7,2.4,,
Tomi Kallio,2001-02,25,ATL,NHL,60,8,14,22,12,102,,885,14:45,,,,,,,"",,,,,,,,36,6,39,1,-8,0.9,0.6,1.5,,
Tomi Kallio,2002-03,26,TOT,NHL,24,2,4,6,14,28,,309,12:52,,,,,,,"",,,,,,,,11,2,19,0,-10,0.0,0.0,0.0,,
Justin Kurtz,2001-02,25,VAN,NHL,27,3,5,8,14,30,,431,15:58,,,,,,,"",,,,,,,,24,13,15,0,-4,0.7,0.4,1.2,,
Ian MacNeil,2002-03,25,PHI,NHL,2,0,0,0,0,2,,20,10:08,,,,,,,"",,,,,,,,1,0,0,0,1,-0.1,0.1,0.0,,
Jonathan Delisle,1998-99,21,MTL,NHL,1,0,0,0,0,0,,5,4:32,,,,,,,"",,,,,,,,0,0,0,0,0,0.0,0.0,0.0,,
Sami Kapanen,1995-96,22,HAR,NHL,35,5,4,9,6,46,"","","","","","","","","","",,,,,,,,14,1,14,1,0,-0.1,0.5,0.3,,
Sami Kapanen,1996-97,23,HAR,NHL,45,13,12,25,2,82,"","","","","","","","","","",,,,,,,,43,7,31,1,6,1.9,0.9,2.8,,
Sami Kapanen,1997-98,24,CAR,NHL,81,26,37,63,16,190,"","","","","","","","","",Byng-8,,,,,,,,94,31,59,5,9,6.1,1.5,7.6,,
Sami Kapanen,1998-99,25,CAR,NHL,81,24,35,59,10,254,"",1573,19:25,"","","","","","",Byng-11,,,,,,,,80,27,58,4,-1,4.5,1.6,6.0,,
Sami Kapanen,1999-00,26,CAR,NHL,76,24,24,48,12,229,"",1512,19:53,"","","","","","","",,,,,,,,79,32,38,1,10,3.3,2.4,5.7,,
Sami Kapanen,2000-01,27,CAR,NHL,82,20,37,57,24,223,"",1552,18:56,"","","","","","",Byng-37,,,,,,,,91,44,60,1,-12,3.5,1.8,5.3,,
Sami Kapanen,2001-02,28,CAR,NHL,77,27,42,69,23,248,"",1589,20:38,"","","","","","",AS-14,,,,,,,,108,50,49,0,9,6.0,2.2,8.2,,
Sami Kapanen,2002-03,29,TOT,NHL,71,10,21,31,18,189,"",1342,18:54,"","","","","","","",,,,,,,,63,35,49,3,-18,0.7,1.0,1.7,,
Sami Kapanen,2003-04,30,PHI,NHL,74,12,18,30,14,149,"",1222,16:31,"","","","","","","",,,,,,,,44,5,49,19,9,1.3,1.6,2.9,,
Sami Kapanen,2005-06,32,PHI,NHL,58,12,22,34,12,123,"",1048,18:04,"","","","","","","",,,,,,,,48,23,56,22,-9,1.5,0.6,2.2,,
Sami Kapanen,2006-07,33,PHI,NHL,77,11,14,25,22,129,"",1307,16:58,"","","","","","",Selke-57,,,,,,,,42,6,80,23,-21,-0.1,0.7,0.6,,
Sami Kapanen,2007-08,34,PHI,NHL,74,5,3,8,16,76,150,986,13:19,13,18,44,51,25,17,"",624,773,457,562,13,26,98.0,14,0,43,17,-12,-1.4,0.6,-0.8,,
Daniel Tjarnqvist,2001-02,25,ATL,NHL,75,2,16,18,14,68,"",1614,21:32,"","","","","","","",,,,,,,,56,5,93,20,-22,0.6,1.3,1.9,,
Daniel Tjarnqvist,2002-03,26,ATL,NHL,75,3,12,15,26,65,"",1642,21:53,"","","","","","","",,,,,,,,60,9,104,33,-20,0.3,1.4,1.7,,
Daniel Tjarnqvist,2003-04,27,ATL,NHL,68,5,15,20,20,65,"",1515,22:17,"","","","","","","",,,,,,,,54,4,73,19,-4,1.1,2.8,3.9,,
Daniel Tjarnqvist,2005-06,29,MIN,NHL,60,3,15,18,32,54,"",1186,19:46,"","","","","","","",,,,,,,,46,16,58,17,-11,0.7,2.7,3.4,,
Daniel Tjarnqvist,2006-07,30,EDM,NHL,37,3,12,15,30,33,"",840,22:42,"","","","","","","",,,,,,,,37,8,36,10,3,0.9,2.6,3.5,,
Daniel Tjarnqvist,2008-09,32,COL,NHL,37,2,2,4,8,19,46,542,14:40,0,0,29,12,3,11,"",417,417,305,307,17,15,99.9,17,0,21,5,1,0.0,1.5,1.5,,
Marc Savard,1997-98,20,NYR,NHL,28,1,5,6,4,32,"","","","","","","","","","",,,,,,,,9,5,9,1,-4,-0.4,0.3,-0.1,,
Marc Savard,1998-99,21,NYR,NHL,70,9,36,45,38,116,"",1021,14:35,"","","","","","","",,,,,,,,55,22,40,0,-7,2.8,0.9,3.7,,
Marc Savard,1999-00,22,CGY,NHL,78,22,31,53,56,184,"",1294,16:36,"","","","","","","",,,,,,,,72,22,52,0,-2,4.1,1.3,5.4,,
Marc Savard,2000-01,23,CGY,NHL,77,23,42,65,46,197,"",1480,19:13,"","","","","","","",,,,,,,,86,37,63,2,-12,4.8,1.4,6.2,,
Marc Savard,2001-02,24,CGY,NHL,56,14,19,33,48,140,"",970,17:20,"","","","","","","",,,,,,,,43,17,44,0,-18,2.5,0.4,2.8,,
Marc Savard,2002-03,25,TOT,NHL,67,17,33,50,85,148,"",1277,19:04,"","","","","","","",,,,,,,,77,30,72,11,-14,3.8,0.8,4.6,,
Marc Savard,2003-04,26,ATL,NHL,45,19,33,52,85,133,"",1004,22:19,"","","","","","","",,,,,,,,67,27,57,9,-8,5.1,0.8,5.9,,
Marc Savard,2005-06,28,ATL,NHL,82,28,69,97,100,212,"",1682,20:30,"","","","","","","",,,,,,,,134,71,68,12,7,7.5,1.8,9.3,,
Marc Savard,2006-07,29,BOS,NHL,82,22,74,96,96,221,"",1658,20:13,"","","","","","","",,,,,,,,118,63,76,2,-19,7.4,1.3,8.7,,
Marc Savard,2007-08,30,BOS,NHL,74,15,63,78,66,196,340,1519,20:31,802,753,11,38,47,76,AS-8,1097,1003,817,807,54,49,101.0,94,38,58,5,3,5.8,1.7,7.6,,
Marc Savard,2008-09,31,BOS,NHL,82,25,63,88,70,213,347,1602,19:32,635,641,19,24,54,52,"AS-9,Hart-26,Selke-22",1209,1109,894,859,71,44,104.3,123,48,62,12,25,7.3,2.5,9.8,,
Marc Savard,2009-10,32,BOS,NHL,41,10,23,33,14,90,152,762,18:35,307,320,11,13,17,25,"",536,500,396,391,20,14,102.3,39,19,20,2,2,2.4,1.1,3.6,,
Marc Savard,2010-11,33,BOS,NHL,25,2,8,10,29,50,83,395,15:48,167,161,4,5,3,18,"",346,342,257,274,11,18,97.3,18,7,18,0,-7,0.2,0.1,0.2,,
Matt Davidson,2000-01,23,CBJ,NHL,5,0,0,0,0,2,,36,7:14,,,,,,,"",,,,,,,,2,0,0,0,2,-0.1,0.1,0.0,,
Matt Davidson,2001-02,24,CBJ,NHL,17,1,2,3,10,18,,248,14:34,,,,,,,"",,,,,,,,4,0,15,0,-11,-0.3,-0.1,-0.3,,
Matt Davidson,2002-03,25,CBJ,NHL,34,4,5,9,18,28,,402,11:49,,,,,,,"",,,,,,,,11,0,25,2,-12,0.3,0.0,0.3,,
Cameron Mann,1997-98,20,BOS,NHL,9,0,1,1,4,6,,"","",,,,,,,"",,,,,,,,3,1,1,0,1,-0.2,0.2,-0.1,,
Cameron Mann,1998-99,21,BOS,NHL,33,5,2,7,17,42,,352,10:40,,,,,,,"",,,,,,,,15,3,13,1,0,0.3,0.5,0.8,,
Cameron Mann,1999-00,22,BOS,NHL,32,8,4,12,13,48,,411,12:50,,,,,,,"",,,,,,,,19,1,27,3,-6,1.0,0.2,1.2,,
Cameron Mann,2000-01,23,BOS,NHL,15,1,3,4,6,17,,127,8:29,,,,,,,"",,,,,,,,8,1,7,0,0,0.2,0.1,0.3,,
Cameron Mann,2002-03,25,NSH,NHL,4,0,0,0,0,5,,24,5:53,,,,,,,"",,,,,,,,0,0,2,0,-2,-0.1,0.0,-0.1,,
Radovan Somik,2002-03,25,PHI,NHL,60,8,10,18,10,95,,949,15:49,,,,,,,"",,,,,,,,29,0,28,8,9,0.2,1.5,1.7,,
Radovan Somik,2003-04,26,PHI,NHL,53,4,10,14,17,41,,584,11:01,,,,,,,"",,,,,,,,17,0,24,5,-2,0.4,0.5,0.9,,
Michal Handzus,1998-99,21,STL,NHL,66,4,12,16,30,78,"",977,14:48,"","","","","","","",,,,,,,,24,2,49,18,-9,-0.5,0.7,0.1,,
Michal Handzus,1999-00,22,STL,NHL,81,25,28,53,44,166,"",1436,17:43,"","","","","","",Selke-2,,,,,,,,71,15,51,14,19,4.0,2.5,6.5,,
Michal Handzus,2000-01,23,TOT,NHL,46,14,18,32,33,72,"",802,17:26,"","","","","","",Selke-34,,,,,,,,42,12,24,10,16,2.5,1.5,4.1,,
Michal Handzus,2001-02,24,PHX,NHL,79,15,30,45,34,94,"",1276,16:09,"","","","","","","",,,,,,,,55,16,59,12,-8,3.0,0.8,3.8,,
Michal Handzus,2002-03,25,PHI,NHL,82,23,21,44,46,133,"",1439,17:33,"","","","","","",Selke-11,,,,,,,,57,10,52,18,13,3.3,2.3,5.6,,
Michal Handzus,2003-04,26,PHI,NHL,82,20,38,58,82,135,"",1535,18:43,"","","","","","","AS-15,Selke-8",,,,,,,,84,34,46,14,18,4.3,2.3,6.7,,
Michal Handzus,2005-06,28,PHI,NHL,73,11,33,44,38,113,"",1348,18:28,"","","","","","","",,,,,,,,66,22,90,44,-2,1.6,1.2,2.7,,
Michal Handzus,2006-07,29,CHI,NHL,8,3,5,8,6,9,"",168,20:59,"","","","","","","",,,,,,,,15,6,7,2,4,0.7,0.3,1.0,,
Michal Handzus,2007-08,30,LAK,NHL,82,7,14,21,45,89,126,1250,15:14,532,635,55,69,25,41,"",706,1019,540,786,26,52,97.3,33,2,80,28,-21,-0.5,0.4,-0.1,,
Michal Handzus,2008-09,31,LAK,NHL,82,18,24,42,32,143,224,1550,18:54,719,601,69,75,28,51,Selke-64,819,915,612,693,34,39,100.0,80,44,78,35,-7,2.0,2.0,3.9,,
Michal Handzus,2009-10,32,LAK,NHL,81,20,22,42,38,117,178,1483,18:18,691,661,60,75,37,60,Selke-40,776,933,591,695,43,40,102.1,70,22,80,36,4,2.4,1.8,4.2,,
Michal Handzus,2010-11,33,LAK,NHL,82,12,18,30,20,94,175,1422,17:21,678,634,48,86,24,39,Selke-53,833,947,603,721,31,37,100.1,54,21,57,19,-5,0.5,1.7,2.2,,
Michal Handzus,2011-12,34,SJS,NHL,67,7,17,24,18,81,132,968,14:27,413,402,59,52,28,24,"",679,815,510,569,25,31,99.0,34,9,45,14,-6,0.7,0.8,1.5,,
Michal Handzus,2012-13,35,TOT,NHL,39,2,6,8,16,41,68,512,13:08,236,190,30,31,16,14,"",354,382,261,278,13,14,100.6,13,0,21,6,-2,-0.3,0.6,0.3,,
Michal Handzus,2013-14,36,CHI,NHL,59,4,12,16,16,50,76,805,13:39,329,335,55,35,14,11,"",589,550,439,397,20,23,97.9,23,0,36,13,0,0.0,0.6,0.6,,
Benoit Gratton,1997-98,21,WSH,NHL,6,0,1,1,6,5,,"","",,,,,,,"",,,,,,,,1,0,0,0,1,-0.1,0.1,0.0,,
Benoit Gratton,1998-99,22,WSH,NHL,16,4,3,7,16,24,,215,13:28,,,,,,,"",,,,,,,,9,1,9,0,-1,0.6,0.2,0.8,,
Benoit Gratton,1999-00,23,CGY,NHL,10,0,2,2,10,4,,83,8:15,,,,,,,"",,,,,,,,3,0,2,0,1,0.0,0.1,0.1,,
Benoit Gratton,2000-01,24,CGY,NHL,14,1,3,4,14,13,,129,9:11,,,,,,,"",,,,,,,,7,2,5,0,0,0.1,0.2,0.3,,
Benoit Gratton,2001-02,25,MTL,NHL,8,1,0,1,8,8,,79,9:51,,,,,,,"",,,,,,,,2,0,3,0,-1,0.0,0.0,0.0,,
Benoit Gratton,2003-04,27,MTL,NHL,4,0,1,1,4,3,,39,9:44,,,,,,,"",,,,,,,,1,0,3,2,0,0.0,0.0,0.0,,
Vladimir Orszagh,1997-98,20,NYI,NHL,11,0,1,1,2,9,,"","",,,,,,,"",,,,,,,,1,0,4,0,-3,-0.3,0.0,-0.3,,
Vladimir Orszagh,1998-99,21,NYI,NHL,12,1,0,1,6,5,,79,6:36,,,,,,,"",,,,,,,,2,0,1,1,2,0.0,0.2,0.2,,
Vladimir Orszagh,1999-00,22,NYI,NHL,11,2,1,3,4,16,,131,11:55,,,,,,,"",,,,,,,,3,0,6,4,1,0.2,0.2,0.3,,
Vladimir Orszagh,2001-02,24,NSH,NHL,79,15,21,36,56,113,,1269,16:04,,,,,,,"",,,,,,,,60,24,58,7,-15,2.0,0.9,3.0,,
Vladimir Orszagh,2002-03,25,NSH,NHL,78,16,16,32,38,152,,1370,17:34,,,,,,,"",,,,,,,,54,18,46,9,-1,1.4,1.8,3.2,,
Vladimir Orszagh,2003-04,26,NSH,NHL,82,16,21,37,74,124,,1394,17:00,,,,,,,"",,,,,,,,53,13,63,19,-4,2.0,1.4,3.5,,
Vladimir Orszagh,2005-06,28,STL,NHL,16,4,5,9,14,23,,270,16:52,,,,,,,"",,,,,,,,14,6,11,1,-2,0.5,0.3,0.8,,
Alexei Vasiliev,1999-00,22,NYR,NHL,1,0,0,0,2,0,,16,15:57,,,,,,,"",,,,,,,,0,0,1,0,-1,0.0,0.0,-0.1,,
Dale Purinton,1999-00,23,NYR,NHL,1,0,0,0,7,1,,13,12:45,,,,,,,"",,,,,,,,0,0,1,0,-1,0.0,0.0,-0.1,,
Dale Purinton,2000-01,24,NYR,NHL,42,0,2,2,180,13,,401,9:33,,,,,,,"",,,,,,,,19,1,14,1,5,-0.2,0.9,0.7,,
Dale Purinton,2001-02,25,NYR,NHL,40,0,4,4,113,11,,305,7:37,,,,,,,"",,,,,,,,16,0,12,0,4,0.1,0.7,0.8,,
Dale Purinton,2002-03,26,NYR,NHL,58,3,9,12,161,50,,872,15:02,,,,,,,"",,,,,,,,34,1,40,5,-2,0.7,1.5,2.2,,
Dale Purinton,2003-04,27,NYR,NHL,40,1,1,2,117,31,,511,12:47,,,,,,,"",,,,,,,,16,0,29,4,-9,-0.2,0.1,-0.2,,
Jason Morgan,1996-97,20,LAK,NHL,3,0,0,0,0,4,,"","",,,,,,,"",,,,,,,,0,0,3,0,-3,-0.1,-0.1,-0.2,,
Jason Morgan,1997-98,21,LAK,NHL,11,1,0,1,4,5,,"","",,,,,,,"",,,,,,,,1,0,9,1,-7,-0.2,-0.2,-0.4,,
Jason Morgan,2003-04,27,TOT,NHL,19,0,4,4,4,20,,187,9:51,,,,,,,"",,,,,,,,5,0,6,2,1,-0.1,0.3,0.2,,
Jason Morgan,2005-06,29,CHI,NHL,7,1,1,2,6,6,,71,10:06,,,,,,,"",,,,,,,,2,0,2,1,1,0.1,0.1,0.2,,
Jason Morgan,2006-07,30,MIN,NHL,4,0,0,0,4,0,,30,7:29,,,,,,,"",,,,,,,,1,0,2,0,-1,-0.1,0.0,-0.1,,
Jan Hrdina,1998-99,22,PIT,NHL,82,13,29,42,40,94,,1348,16:26,,,,,,,Calder-6,,,,,,,,60,18,56,12,-2,2.0,1.2,3.3,,
Jan Hrdina,1999-00,23,PIT,NHL,70,13,33,46,43,84,,1315,18:47,,,,,,,"",,,,,,,,65,11,59,18,13,2.3,1.7,4.0,,
Jan Hrdina,2000-01,24,PIT,NHL,78,15,28,43,48,89,,1242,15:56,,,,,,,"",,,,,,,,63,12,52,20,19,2.4,1.6,3.9,,
Jan Hrdina,2001-02,25,PIT,NHL,79,24,33,57,50,115,,1568,19:51,,,,,,,"",,,,,,,,78,25,83,23,-7,4.4,1.5,5.9,,
Jan Hrdina,2002-03,26,TOT,NHL,61,14,29,43,42,86,,1199,19:39,,,,,,,"",,,,,,,,72,36,47,15,4,2.7,1.8,4.5,,
Jan Hrdina,2003-04,27,TOT,NHL,68,12,21,33,40,73,,1155,16:59,,,,,,,"",,,,,,,,50,21,51,16,-6,1.8,1.0,2.9,,
Jan Hrdina,2005-06,29,CBJ,NHL,75,10,23,33,78,78,,1272,16:58,,,,,,,"",,,,,,,,49,18,58,19,-8,0.6,1.1,1.7,,
Dmitri Tertyshny,1998-99,22,PHI,NHL,62,2,8,10,30,68,,1150,18:33,,,,,,,"",,,,,,,,47,12,42,6,-1,0.1,2.4,2.4,,
Peter LeBoutillier,1996-97,22,MDA,NHL,23,1,0,1,121,5,,"","",,,,,,,"",,,,,,,,2,0,2,0,0,-0.7,0.3,-0.4,,
Peter LeBoutillier,1997-98,23,MDA,NHL,12,1,1,2,55,6,,"","",,,,,,,"",,,,,,,,2,0,3,0,-1,-0.1,0.1,0.0,,
Brent Sopel,1998-99,22,VAN,NHL,5,1,0,1,4,5,"",60,11:58,"","","","","","","",,,,,,,,1,1,1,0,-1,0.2,0.0,0.2,,
Brent Sopel,1999-00,23,VAN,NHL,18,2,4,6,12,11,"",189,10:31,"","","","","","","",,,,,,,,13,0,4,0,9,0.6,1.0,1.7,,
Brent Sopel,2000-01,24,VAN,NHL,52,4,10,14,10,57,"",833,16:01,"","","","","","","",,,,,,,,41,8,34,5,4,1.0,1.9,2.8,,
Brent Sopel,2001-02,25,VAN,NHL,66,8,17,25,44,116,"",1255,19:01,"","","","","","","",,,,,,,,73,16,42,6,21,2.2,3.9,6.2,,
Brent Sopel,2002-03,26,VAN,NHL,81,7,30,37,23,167,"",1758,21:42,"","","","","","","",,,,,,,,94,41,71,3,-15,2.9,2.0,4.9,,
Brent Sopel,2003-04,27,VAN,NHL,80,10,32,42,36,173,"",1754,21:56,"","","","","","","",,,,,,,,94,32,57,6,11,3.8,4.1,7.9,,
Brent Sopel,2005-06,29,TOT,NHL,68,2,26,28,70,133,"",1586,23:20,"","","","","","","",,,,,,,,71,29,96,41,-13,1.0,2.5,3.5,,
Brent Sopel,2006-07,30,TOT,NHL,64,5,23,28,24,131,"",1297,20:16,"","","","","","","",,,,,,,,64,15,56,9,2,1.8,3.2,5.1,,
Brent Sopel,2007-08,31,CHI,NHL,58,1,19,20,28,56,110,1178,20:18,0,0,122,35,13,31,"",648,703,515,523,32,32,100.2,47,5,58,25,9,1.0,2.8,3.8,,
Brent Sopel,2008-09,32,CHI,NHL,23,1,1,2,8,15,32,318,13:49,0,0,45,14,7,7,"",216,230,166,168,9,13,96.5,9,0,19,6,-4,-0.1,0.3,0.2,,
Brent Sopel,2009-10,33,CHI,NHL,73,1,7,8,34,48,105,1085,14:52,0,0,120,50,16,41,"",872,744,660,539,39,40,97.5,43,0,55,15,3,-0.3,2.5,2.2,,
Brent Sopel,2010-11,34,TOT,NHL,71,2,5,7,16,44,101,1160,16:21,0,0,150,35,25,39,"",716,968,528,676,36,36,102.0,44,1,76,39,6,-0.3,2.9,2.6,,
Yannick Tremblay,1996-97,21,TOR,NHL,5,0,0,0,0,2,,"","",,,,,,,"",,,,,,,,0,0,4,0,-4,-0.1,-0.1,-0.2,,
Yannick Tremblay,1997-98,22,TOR,NHL,38,2,4,6,6,45,,"","",,,,,,,"",,,,,,,,18,5,19,0,-6,0.0,1.5,1.5,,
Yannick Tremblay,1998-99,23,TOR,NHL,35,2,7,9,16,37,,618,17:39,,,,,,,"",,,,,,,,31,5,27,1,0,0.5,0.6,1.1,,
Yannick Tremblay,1999-00,24,ATL,NHL,75,10,21,31,22,139,,1459,19:27,,,,,,,"",,,,,,,,67,30,93,14,-42,2.7,0.2,2.9,,
Yannick Tremblay,2000-01,25,ATL,NHL,46,4,8,12,30,102,,940,20:27,,,,,,,"",,,,,,,,53,20,44,5,-6,0.7,1.1,1.8,,
Yannick Tremblay,2001-02,26,ATL,NHL,66,9,15,24,47,115,,1441,21:50,,,,,,,"",,,,,,,,64,17,70,8,-15,2.2,1.6,3.8,,
Yannick Tremblay,2002-03,27,ATL,NHL,75,8,22,30,32,151,,1631,21:45,,,,,,,"",,,,,,,,97,48,86,10,-27,2.5,0.8,3.3,,
Yannick Tremblay,2003-04,28,ATL,NHL,38,2,8,10,13,47,,821,21:36,,,,,,,"",,,,,,,,31,8,41,5,-13,0.4,0.6,1.0,,
Yannick Tremblay,2006-07,31,VAN,NHL,12,1,2,3,12,30,,153,12:44,,,,,,,"",,,,,,,,7,6,8,1,-6,0.2,-0.1,0.2,,
Clarke Wilm,1998-99,22,CGY,NHL,78,10,8,18,53,94,,900,11:32,,,,,,,"",,,,,,,,36,3,36,14,11,0.5,1.2,1.8,,
Clarke Wilm,1999-00,23,CGY,NHL,78,10,12,22,67,81,,986,12:38,,,,,,,"",,,,,,,,34,3,58,21,-6,0.5,0.8,1.4,,
Clarke Wilm,2000-01,24,CGY,NHL,81,7,8,15,69,85,,1149,14:11,,,,,,,"",,,,,,,,27,5,65,32,-11,-1.0,1.0,0.0,,
Clarke Wilm,2001-02,25,CGY,NHL,66,4,14,18,61,83,,990,15:00,,,,,,,"",,,,,,,,28,2,44,17,-1,-0.3,1.1,0.8,,
Clarke Wilm,2002-03,26,NSH,NHL,82,5,11,16,36,108,,981,11:58,,,,,,,"",,,,,,,,24,1,45,11,-11,-0.5,0.9,0.4,,
Clarke Wilm,2003-04,27,TOR,NHL,10,0,0,0,7,10,,117,11:45,,,,,,,"",,,,,,,,2,0,3,1,0,-0.3,0.1,-0.2,,
Clarke Wilm,2005-06,29,TOR,NHL,60,1,7,8,43,50,,707,11:47,,,,,,,"",,,,,,,,11,0,55,29,-15,-1.2,0.2,-0.9,,
Yevgeny Shaldybin,1996-97,21,BOS,NHL,3,1,0,1,0,5,,"","",,,,,,,"",,,,,,,,1,0,3,0,-2,0.1,0.0,0.1,,
Martin Spanhel,2000-01,23,CBJ,NHL,6,1,0,1,2,8,,75,12:29,,,,,,,"",,,,,,,,1,0,2,0,-1,0.0,0.1,0.1,,
Martin Spanhel,2001-02,24,CBJ,NHL,4,1,0,1,2,6,,45,11:12,,,,,,,"",,,,,,,,1,0,3,0,-2,0.1,0.0,0.1,,
Denis Hamel,1999-00,22,BUF,NHL,3,1,0,1,0,3,,29,9:45,,,,,,,"",,,,,,,,1,0,2,0,-1,0.1,0.0,0.1,,
Denis Hamel,2000-01,23,BUF,NHL,41,8,3,11,22,55,,450,10:58,,,,,,,"",,,,,,,,16,1,20,3,-2,0.7,0.5,1.2,,
Denis Hamel,2001-02,24,BUF,NHL,61,2,6,8,28,80,,671,11:00,,,,,,,"",,,,,,,,15,2,23,9,-1,-0.8,0.8,0.0,,
Denis Hamel,2002-03,25,BUF,NHL,25,2,0,2,17,41,,317,12:40,,,,,,,"",,,,,,,,6,0,13,3,-4,-0.5,0.3,-0.2,,
Denis Hamel,2003-04,26,OTT,NHL,5,0,0,0,0,6,,31,6:16,,,,,,,"",,,,,,,,0,0,3,0,-3,-0.1,-0.1,-0.2,,
Denis Hamel,2005-06,28,OTT,NHL,4,1,0,1,0,9,,37,9:10,,,,,,,"",,,,,,,,2,0,2,1,1,0.1,0.1,0.2,,
Denis Hamel,2006-07,29,TOT,NHL,53,5,3,8,10,42,,322,6:05,,,,,,,"",,,,,,,,10,0,11,1,0,0.4,0.3,0.7,,
Stephane Robidas,1999-00,22,MTL,NHL,1,0,0,0,0,0,"",16,15:54,"","","","","","","",,,,,,,,0,0,0,0,0,0.0,0.0,0.0,"",""
Stephane Robidas,2000-01,23,MTL,NHL,65,6,6,12,14,77,"",1348,20:44,"","","","","","","",,,,,,,,50,11,57,18,0,0.4,3.5,3.9,"",""
Stephane Robidas,2001-02,24,MTL,NHL,56,1,10,11,14,68,"",1063,18:58,"","","","","","","",,,,,,,,25,10,47,7,-25,0.2,0.4,0.5,"",""
Stephane Robidas,2002-03,25,DAL,NHL,76,3,7,10,35,47,"",980,12:54,"","","","","","","",,,,,,,,39,1,26,3,15,0.4,3.2,3.6,"",""
Stephane Robidas,2003-04,26,TOT,NHL,59,3,10,13,41,63,"",1123,19:02,"","","","","","","",,,,,,,,45,7,40,6,4,0.5,3.0,3.5,"",""
Stephane Robidas,2005-06,28,DAL,NHL,75,5,15,20,67,95,"",1274,16:59,"","","","","","","",,,,,,,,57,10,48,16,15,0.9,4.2,5.1,"",""
Stephane Robidas,2006-07,29,DAL,NHL,75,0,17,17,86,106,"",1355,18:04,"","","","","","","",,,,,,,,49,16,48,14,-1,0.2,4.0,4.1,"",""
Stephane Robidas,2007-08,30,DAL,NHL,82,9,17,26,85,153,322,1693,20:39,0,0,109,220,33,35,"",1093,989,812,773,56,54,99.7,83,25,78,20,0,1.9,3.8,5.6,"",""
Stephane Robidas,2008-09,31,DAL,NHL,72,3,23,26,76,158,342,1767,24:32,1,0,109,221,28,44,"",1136,1124,895,860,65,54,101.1,95,28,83,26,10,0.9,4.5,5.4,"",""
Stephane Robidas,2009-10,32,DAL,NHL,82,10,31,41,70,199,393,2008,24:29,0,0,177,269,22,34,"",1341,1392,1018,1056,68,78,98.7,101,31,117,37,-10,3.2,3.0,6.1,"",""
Stephane Robidas,2010-11,33,DAL,NHL,81,5,25,30,67,106,255,1987,24:32,0,0,135,216,28,35,"",1278,1329,966,989,61,67,99.7,91,25,103,30,-7,1.6,3.5,5.1,"",""
Stephane Robidas,2011-12,34,DAL,NHL,75,5,17,22,48,75,197,1707,22:46,0,0,110,191,23,25,"",1206,1186,899,894,48,55,99.2,67,16,78,22,-5,1.0,3.1,4.0,"",""
Stephane Robidas,2012-13,35,DAL,NHL,48,1,12,13,56,46,129,1067,22:14,0,0,93,136,9,18,"",711,790,501,596,37,37,102.3,50,11,52,15,2,0.3,2.2,2.5,44.6,52.5
Stephane Robidas,2013-14,36,TOT,NHL,38,5,5,10,20,56,122,767,20:10,0,0,49,96,4,11,"",625,609,485,449,38,30,101.6,43,2,38,7,10,0.7,2.1,2.9,"",""
Stephane Robidas,2014-15,37,TOR,NHL,52,1,6,7,34,34,88,888,17:04,0,0,75,141,8,16,"",597,786,453,616,27,21,103.7,30,1,35,14,8,-0.2,2.7,2.5,23.4,32.4
Byron Ritchie,1998-99,21,CAR,NHL,3,0,0,0,0,0,"",10,3:25,"","","","","","","",,,,,,,,0,0,0,0,0,0.0,0.0,0.0,,
Byron Ritchie,1999-00,22,CAR,NHL,26,0,2,2,17,13,"",193,7:24,"","","","","","","",,,,,,,,3,1,12,0,-10,-0.3,-0.1,-0.5,,
Byron Ritchie,2001-02,24,TOT,NHL,35,5,6,11,36,60,"",431,12:19,"","","","","","","",,,,,,,,16,3,17,2,-2,0.5,0.4,1.0,,
Byron Ritchie,2002-03,25,FLA,NHL,30,0,3,3,19,29,"",279,9:18,"","","","","","","",,,,,,,,6,0,11,1,-4,-0.5,0.2,-0.3,,
Byron Ritchie,2003-04,26,FLA,NHL,50,5,6,11,84,65,"",695,13:54,"","","","","","","",,,,,,,,17,1,31,5,-10,-0.1,0.4,0.4,,
Byron Ritchie,2005-06,28,CGY,NHL,45,4,2,6,69,34,"",444,9:52,"","","","","","","",,,,,,,,10,1,17,6,-2,-0.3,0.6,0.3,,
Byron Ritchie,2006-07,29,CGY,NHL,64,8,6,14,68,46,"",625,9:46,"","","","","","","",,,,,,,,21,0,25,7,3,0.4,0.7,1.1,,
Byron Ritchie,2007-08,30,VAN,NHL,71,3,8,11,80,73,105,875,12:19,262,253,34,89,18,21,"",378,623,302,486,14,26,98.9,19,3,46,20,-10,-1.0,0.6,-0.4,,
Peter Worrell,1997-98,20,FLA,NHL,19,0,0,0,153,15,,"","",,,,,,,"",,,,,,,,0,0,4,0,-4,-0.7,0.1,-0.6,,
Peter Worrell,1998-99,21,FLA,NHL,62,4,5,9,258,50,,388,6:15,,,,,,,"",,,,,,,,13,1,12,0,0,0.3,0.4,0.7,,
Peter Worrell,1999-00,22,FLA,NHL,48,3,6,9,169,45,,404,8:25,,,,,,,"",,,,,,,,19,8,18,0,-7,0.1,0.1,0.3,,
Peter Worrell,2000-01,23,FLA,NHL,71,3,7,10,248,86,,672,9:28,,,,,,,"",,,,,,,,21,4,27,0,-10,-0.5,0.4,-0.2,,
Peter Worrell,2001-02,24,FLA,NHL,79,4,5,9,354,65,,691,8:45,,,,,,,"",,,,,,,,15,1,30,1,-15,-0.5,0.2,-0.3,,
Peter Worrell,2002-03,25,FLA,NHL,63,2,3,5,193,52,,583,9:16,,,,,,,"",,,,,,,,9,0,23,0,-14,-0.9,0.1,-0.7,,
Peter Worrell,2003-04,26,COL,NHL,49,3,1,4,179,32,,290,5:55,,,,,,,"",,,,,,,,8,0,6,0,2,0.0,0.4,0.4,,
P.J. Axelsson,1997-98,22,BOS,NHL,82,8,19,27,38,144,"","","","","","","","","",Calder-12,,,,,,,,43,5,74,22,-14,0.5,0.6,1.1,,
P.J. Axelsson,1998-99,23,BOS,NHL,77,7,10,17,18,146,"",1281,16:38,"","","","","","",Selke-16,,,,,,,,29,2,53,12,-14,-0.9,1.2,0.2,,
P.J. Axelsson,1999-00,24,BOS,NHL,81,10,16,26,24,186,"",1354,16:43,"","","","","","","",,,,,,,,45,2,60,18,1,0.0,1.6,1.6,,
P.J. Axelsson,2000-01,25,BOS,NHL,81,8,15,23,27,146,"",1013,12:30,"","","","","","","",,,,,,,,29,0,59,18,-12,0.4,0.6,1.0,,
P.J. Axelsson,2001-02,26,BOS,NHL,78,7,17,24,16,127,"",1146,14:42,"","","","","","","",,,,,,,,43,1,56,20,6,0.2,1.3,1.5,,
P.J. Axelsson,2002-03,27,BOS,NHL,66,17,19,36,24,122,"",1097,16:37,"","","","","","",Selke-15,,,,,,,,53,6,59,20,8,2.7,1.3,4.0,,
P.J. Axelsson,2003-04,28,BOS,NHL,68,6,14,20,42,107,"",1109,16:19,"","","","","","",Selke-34,,,,,,,,35,3,48,18,2,-0.1,1.2,1.1,,
P.J. Axelsson,2005-06,30,BOS,NHL,59,10,18,28,4,113,"",1039,17:36,"","","","","","","Byng-17,Selke-16",,,,,,,,35,5,51,18,-3,0.8,1.0,1.8,,
P.J. Axelsson,2006-07,31,BOS,NHL,55,11,16,27,52,81,"",1076,19:34,"","","","","","","",,,,,,,,45,16,61,22,-10,0.8,0.9,1.7,,
P.J. Axelsson,2007-08,32,BOS,NHL,75,13,16,29,15,100,186,1320,17:36,17,27,37,44,39,29,"Byng-27,Selke-9",903,903,675,709,42,34,101.9,49,3,65,30,11,0.8,1.9,2.7,,
P.J. Axelsson,2008-09,33,BOS,NHL,75,6,24,30,16,87,162,1217,16:14,16,30,31,55,41,20,"Byng-42,Selke-20",720,793,544,609,32,30,101.5,49,17,50,17,-1,0.3,1.1,1.4,,
Jean-Luc Grand-Pierre,1998-99,21,BUF,NHL,16,0,1,1,17,11,,218,13:36,,,,,,,"",,,,,,,,9,0,9,0,0,-0.1,0.4,0.3,,
Jean-Luc Grand-Pierre,1999-00,22,BUF,NHL,11,0,0,0,15,10,,167,15:11,,,,,,,"",,,,,,,,9,10,2,2,-1,-0.2,0.3,0.1,,
Jean-Luc Grand-Pierre,2000-01,23,CBJ,NHL,64,1,4,5,73,33,,822,12:51,,,,,,,"",,,,,,,,27,0,38,5,-6,-0.2,1.5,1.2,,
Jean-Luc Grand-Pierre,2001-02,24,CBJ,NHL,81,2,6,8,90,62,,1243,15:20,,,,,,,"",,,,,,,,24,1,76,25,-29,-0.2,1.3,1.0,,
Jean-Luc Grand-Pierre,2002-03,25,CBJ,NHL,41,1,0,1,64,32,,559,13:38,,,,,,,"",,,,,,,,15,0,32,11,-6,-0.4,0.8,0.4,,
Jean-Luc Grand-Pierre,2003-04,26,TOT,NHL,56,3,2,5,52,53,,685,12:14,,,,,,,"",,,,,,,,21,1,40,8,-12,0.1,0.5,0.6,,
Dan Smith,1998-99,22,COL,NHL,12,0,0,0,9,6,,147,12:14,,,,,,,"",,,,,,,,6,0,2,1,5,-0.1,0.6,0.5,,
Dan Smith,1999-00,23,COL,NHL,3,0,0,0,0,0,,33,11:03,,,,,,,"",,,,,,,,3,0,1,0,2,0.0,0.2,0.2,,
Dan Smith,2005-06,29,EDM,NHL,7,0,0,0,7,1,,79,11:21,,,,,,,"",,,,,,,,4,0,3,0,1,-0.1,0.3,0.2,,
Ray Schultz,1997-98,21,NYI,NHL,13,0,1,1,45,4,,"","",,,,,,,"",,,,,,,,5,0,2,0,3,-0.2,0.9,0.7,,
Ray Schultz,1998-99,22,NYI,NHL,4,0,0,0,7,2,,61,15:21,,,,,,,"",,,,,,,,1,0,3,0,-2,-0.1,0.0,-0.1,,
Ray Schultz,1999-00,23,NYI,NHL,9,0,1,1,30,2,,129,14:18,,,,,,,"",,,,,,,,5,0,4,0,1,0.0,0.3,0.3,,
Ray Schultz,2000-01,24,NYI,NHL,13,0,2,2,40,3,,141,10:50,,,,,,,"",,,,,,,,6,0,7,0,-1,0.1,0.2,0.3,,
Ray Schultz,2001-02,25,NYI,NHL,2,0,0,0,5,0,,7,3:22,,,,,,,"",,,,,,,,0,0,1,0,-1,0.0,-0.1,-0.1,,
Ray Schultz,2002-03,26,NYI,NHL,4,0,0,0,28,1,,22,5:23,,,,,,,"",,,,,,,,0,0,1,0,-1,0.0,0.0,-0.1,,
Jaroslav Obsut,2000-01,24,STL,NHL,4,0,0,0,2,3,,74,18:31,,,,,,,"",,,,,,,,3,1,1,0,1,-0.1,0.2,0.2,,
Jaroslav Obsut,2001-02,25,COL,NHL,3,0,0,0,0,3,,29,9:47,,,,,,,"",,,,,,,,1,1,0,0,0,0.0,0.1,0.0,,
Filip Kuba,1998-99,22,FLA,NHL,5,0,1,1,0,5,"",112,22:29,"","","","","","","",,,,,,,,4,0,2,0,2,0.0,0.4,0.4,,
Filip Kuba,1999-00,23,FLA,NHL,13,1,5,6,2,16,"",180,13:52,"","","","","","","",,,,,,,,10,6,8,1,-3,0.5,0.1,0.7,,
Filip Kuba,2000-01,24,MIN,NHL,75,9,21,30,28,141,"",1820,24:16,"","","","","","","",,,,,,,,72,24,77,23,-6,2.1,4.5,6.6,,
Filip Kuba,2001-02,25,MIN,NHL,62,5,19,24,32,101,"",1581,25:30,"","","","","","","",,,,,,,,65,19,72,20,-6,1.5,3.2,4.7,,
Filip Kuba,2002-03,26,MIN,NHL,78,8,21,29,29,129,"",1867,23:56,"","","","","","","",,,,,,,,76,22,70,16,0,2.1,5.0,7.1,,
Filip Kuba,2003-04,27,MIN,NHL,77,5,19,24,28,114,"",1856,24:06,"","","","","","","",,,,,,,,71,22,74,18,-7,1.2,4.2,5.4,,
Filip Kuba,2005-06,29,MIN,NHL,65,6,19,25,44,69,"",1415,21:46,"","","","","","","",,,,,,,,71,20,74,23,0,1.4,4.3,5.7,,
Filip Kuba,2006-07,30,TBL,NHL,81,15,22,37,36,106,"",1637,20:12,"","","","","","","",,,,,,,,94,32,96,25,-9,3.5,2.8,6.3,,
Filip Kuba,2007-08,31,TBL,NHL,75,6,25,31,40,113,233,1872,24:57,0,2,129,69,23,60,"",1151,1157,875,866,65,76,97.9,101,30,107,28,-8,1.9,3.5,5.4,,
Filip Kuba,2008-09,32,OTT,NHL,71,3,37,40,28,111,256,1653,23:17,0,0,111,44,36,60,"",990,1016,743,745,45,38,101.2,86,41,68,27,4,2.6,4.5,7.1,,
Filip Kuba,2009-10,33,OTT,NHL,53,3,25,28,28,90,174,1211,22:51,0,1,86,27,22,43,"",818,726,615,535,41,47,97.0,68,25,66,18,-5,1.9,2.4,4.3,,
Filip Kuba,2010-11,34,OTT,NHL,64,2,14,16,16,76,176,1327,20:44,0,0,104,23,22,41,"",965,986,731,734,36,64,94.7,50,10,84,18,-26,0.5,1.4,1.9,,
Filip Kuba,2011-12,35,OTT,NHL,73,6,26,32,26,78,193,1724,23:37,0,0,149,53,23,66,AS-21,1380,1278,1006,960,74,55,102.6,101,19,78,22,26,2.3,4.9,7.1,,
Filip Kuba,2012-13,36,FLA,NHL,44,1,9,10,24,50,82,934,21:13,0,0,69,37,14,17,"",616,756,474,566,22,41,96.2,31,8,54,13,-18,0.2,0.8,1.0,,
Ryan Kraft,2002-03,27,SJS,NHL,7,0,1,1,0,1,,60,8:33,,,,,,,"",,,,,,,,3,0,1,0,2,-0.1,0.1,0.1,,
Casey Hankinson,2000-01,24,CHI,NHL,11,0,1,1,9,15,,107,9:46,,,,,,,"",,,,,,,,1,0,4,0,-3,-0.2,0.0,-0.2,,
Casey Hankinson,2001-02,25,CHI,NHL,3,0,0,0,0,1,,26,8:38,,,,,,,"",,,,,,,,0,0,2,0,-2,-0.1,-0.1,-0.1,,
Casey Hankinson,2003-04,27,MDA,NHL,4,0,0,0,4,0,,25,6:20,,,,,,,"",,,,,,,,1,0,1,0,0,-0.1,0.0,0.0,,
Derek Bekar,1999-00,24,STL,NHL,1,0,0,0,0,0,,5,5:14,,,,,,,"",,,,,,,,0,0,0,0,0,0.0,0.0,0.0,,
Derek Bekar,2002-03,27,LAK,NHL,6,0,0,0,4,4,,45,7:29,,,,,,,"",,,,,,,,0,0,2,1,-1,-0.1,0.0,-0.1,,
Derek Bekar,2003-04,28,NYI,NHL,4,0,0,0,2,3,,22,5:35,,,,,,,"",,,,,,,,0,0,0,0,0,-0.1,0.0,0.0,,
Libor Zabransky,1996-97,23,STL,NHL,34,1,5,6,44,26,,"","",,,,,,,"",,,,,,,,23,3,31,10,-1,0.0,1.7,1.7,,
Libor Zabransky,1997-98,24,STL,NHL,6,0,1,1,6,2,,"","",,,,,,,"",,,,,,,,1,1,3,0,-3,0.0,0.0,0.0,,
Eric Houde,1996-97,20,MTL,NHL,13,0,2,2,2,1,,"","",,,,,,,"",,,,,,,,2,0,1,0,1,-0.3,0.2,-0.1,,
Eric Houde,1997-98,21,MTL,NHL,9,1,0,1,0,4,,"","",,,,,,,"",,,,,,,,1,0,4,0,-3,-0.1,0.0,-0.2,,
Eric Houde,1998-99,22,MTL,NHL,8,1,1,2,2,4,,57,7:11,,,,,,,"",,,,,,,,2,0,4,0,-2,0.2,0.0,0.2,,
Mike Rucinski,1997-98,22,CAR,NHL,9,0,1,1,2,3,,"","",,,,,,,"",,,,,,,,3,0,3,0,0,-0.1,0.4,0.4,,
Mike Rucinski,1998-99,23,CAR,NHL,15,0,1,1,8,8,,157,10:29,,,,,,,"",,,,,,,,4,0,4,1,1,-0.1,0.4,0.3,,
Mike Rucinski,2000-01,25,CAR,NHL,2,0,0,0,0,2,,27,13:18,,,,,,,"",,,,,,,,0,0,0,0,0,0.0,0.1,0.0,,
Danny Markov,1997-98,21,TOR,NHL,25,2,5,7,28,15,,"","",,,,,,,"",,,,,,,,18,3,16,1,0,0.4,1.3,1.7,,
Danny Markov,1998-99,22,TOR,NHL,57,4,8,12,47,34,,1065,18:41,,,,,,,Calder-16,,,,,,,,42,5,43,11,5,0.6,1.4,2.0,,
Danny Markov,1999-00,23,TOR,NHL,59,0,10,10,28,38,,1188,20:08,,,,,,,"",,,,,,,,50,7,49,19,13,-0.2,3.1,2.8,,
Danny Markov,2000-01,24,TOR,NHL,59,3,13,16,34,49,,1123,19:02,,,,,,,"",,,,,,,,41,10,46,21,6,0.7,2.8,3.5,,
Danny Markov,2001-02,25,PHX,NHL,72,6,30,36,67,103,,1650,22:55,,,,,,,"",,,,,,,,77,35,62,13,-7,2.9,2.3,5.2,,
Danny Markov,2002-03,26,PHX,NHL,64,4,16,20,36,105,,1489,23:16,,,,,,,"",,,,,,,,61,13,71,25,2,1.0,3.1,4.1,,
Danny Markov,2003-04,27,TOT,NHL,78,6,13,19,95,100,,1764,22:37,,,,,,,"",,,,,,,,61,17,72,22,-6,0.8,3.5,4.3,,
Danny Markov,2005-06,29,NSH,NHL,58,0,11,11,62,59,,1134,19:33,,,,,,,"",,,,,,,,38,3,43,17,9,-0.3,3.2,3.0,,
Danny Markov,2006-07,30,DET,NHL,66,4,12,16,59,66,,1246,18:53,,,,,,,"",,,,,,,,54,0,50,21,25,0.6,4.7,5.3,,
Rob Skrlac,2003-04,27,NJD,NHL,8,1,0,1,22,3,,18,2:15,,,,,,,"",,,,,,,,1,0,0,0,1,0.2,0.1,0.2,,
Jeff Lank,1999-00,24,PHI,NHL,2,0,0,0,2,0,,26,13:06,,,,,,,"",,,,,,,,0,0,0,0,0,0.0,0.1,0.0,,
